panel,dataset,display_dataset,n_factors_removed,n_qc_perturbations,n_primary_outcomes,mean_split_effect_rank1_percent,mean_signed_product_rank1_percent,product_minus_effect_percentage_points,product_stronger_than_effect,display_order,n_split_seeds,split_seeds
Fig. 2c,Replogle-E-k562,Replogle-E-K562,0,1778,7646,19.83215285611895,34.79141677494087,14.959263918821922,True,0,5,"0,1,2,3,4"
Fig. 2c,Replogle-E-k562,Replogle-E-K562,1,1778,7646,15.434977648463764,29.730869337622657,14.295891689158896,True,0,5,"0,1,2,3,4"
Fig. 2c,Replogle-E-k562,Replogle-E-K562,2,1778,7646,7.499575175633934,24.194206682688755,16.694631507054822,True,0,5,"0,1,2,3,4"
Fig. 2c,Replogle-E-k562,Replogle-E-K562,3,1778,7646,6.2905508487331225,21.05552914948091,14.764978300747789,True,0,5,"0,1,2,3,4"
Fig. 2c,Replogle-E-k562,Replogle-E-K562,4,1778,7646,4.148384323023614,20.243182890152664,16.09479856712905,True,0,5,"0,1,2,3,4"
Fig. 2c,Replogle-E-k562,Replogle-E-K562,5,1778,7646,3.240880923760535,17.453091078872372,14.212210155111835,True,0,5,"0,1,2,3,4"
Fig. 2c,Replogle-E-k562,Replogle-E-K562,6,1778,7646,2.598910553347998,16.076164651933496,13.477254098585496,True,0,5,"0,1,2,3,4"
Fig. 2c,Replogle-E-k562,Replogle-E-K562,7,1778,7646,2.193784066252825,15.54113435641706,13.347350290164236,True,0,5,"0,1,2,3,4"
Fig. 2c,Replogle-E-k562,Replogle-E-K562,8,1778,7646,1.7793575646207964,14.726261569098428,12.94690400447763,True,0,5,"0,1,2,3,4"
Fig. 2c,Replogle-E-k562,Replogle-E-K562,9,1778,7646,1.651454021875529,14.323920848053406,12.672466826177878,True,0,5,"0,1,2,3,4"
Fig. 2c,Replogle-E-k562,Replogle-E-K562,10,1778,7646,1.371371813107272,13.248668764695331,11.87729695158806,True,0,5,"0,1,2,3,4"
Fig. 2c,Replogle-E-k562,Replogle-E-K562,11,1778,7646,1.3711227911303268,12.93213797068778,11.561015179557453,True,0,5,"0,1,2,3,4"
Fig. 2c,Replogle-E-k562,Replogle-E-K562,12,1778,7646,1.228343339872574,12.323623257072,11.095279917199424,True,0,5,"0,1,2,3,4"
Fig. 2c,Replogle-E-k562,Replogle-E-K562,13,1778,7646,1.141052045027484,11.967319935654649,10.826267890627165,True,0,5,"0,1,2,3,4"
Fig. 2c,Replogle-E-k562,Replogle-E-K562,14,1778,7646,1.1345733359203438,11.836882437214138,10.702309101293794,True,0,5,"0,1,2,3,4"
Fig. 2c,Replogle-E-k562,Replogle-E-K562,15,1778,7646,1.0687578839973615,11.202653852119802,10.13389596812244,True,0,5,"0,1,2,3,4"
Fig. 2c,Replogle-E-rpe1,Replogle-E-RPE1,0,1812,7887,50.160487322720826,60.35418111700881,10.19369379428798,True,1,5,"0,1,2,3,4"
Fig. 2c,Replogle-E-rpe1,Replogle-E-RPE1,1,1812,7887,11.93934457694639,28.71651361808876,16.77716904114237,True,1,5,"0,1,2,3,4"
Fig. 2c,Replogle-E-rpe1,Replogle-E-RPE1,2,1812,7887,8.914887974382744,23.748209882814823,14.83332190843208,True,1,5,"0,1,2,3,4"
Fig. 2c,Replogle-E-rpe1,Replogle-E-RPE1,3,1812,7887,6.191122704345083,18.495638200193355,12.304515495848271,True,1,5,"0,1,2,3,4"
Fig. 2c,Replogle-E-rpe1,Replogle-E-RPE1,4,1812,7887,4.436331183517821,17.302952179590385,12.866620996072562,True,1,5,"0,1,2,3,4"
Fig. 2c,Replogle-E-rpe1,Replogle-E-RPE1,5,1812,7887,3.990118087400025,16.648791724349554,12.65867363694953,True,1,5,"0,1,2,3,4"
Fig. 2c,Replogle-E-rpe1,Replogle-E-RPE1,6,1812,7887,3.818397477879505,16.021046313613294,12.202648835733788,True,1,5,"0,1,2,3,4"
Fig. 2c,Replogle-E-rpe1,Replogle-E-RPE1,7,1812,7887,2.598272155509343,15.05198504966053,12.453712894151188,True,1,5,"0,1,2,3,4"
Fig. 2c,Replogle-E-rpe1,Replogle-E-RPE1,8,1812,7887,2.2773077301236104,14.4382810755151,12.16097334539149,True,1,5,"0,1,2,3,4"
Fig. 2c,Replogle-E-rpe1,Replogle-E-RPE1,9,1812,7887,1.820435016718543,14.27266195138041,12.452226934661867,True,1,5,"0,1,2,3,4"
Fig. 2c,Replogle-E-rpe1,Replogle-E-RPE1,10,1812,7887,1.6607628126432306,13.455217064265376,11.794454251622144,True,1,5,"0,1,2,3,4"
Fig. 2c,Replogle-E-rpe1,Replogle-E-RPE1,11,1812,7887,1.6577134990075977,13.40152891547005,11.743815416462454,True,1,5,"0,1,2,3,4"
Fig. 2c,Replogle-E-rpe1,Replogle-E-RPE1,12,1812,7887,1.5362476457414092,13.205692909902774,11.669445264161364,True,1,5,"0,1,2,3,4"
Fig. 2c,Replogle-E-rpe1,Replogle-E-RPE1,13,1812,7887,1.2998138027195123,12.736277880706554,11.436464077987042,True,1,5,"0,1,2,3,4"
Fig. 2c,Replogle-E-rpe1,Replogle-E-RPE1,14,1812,7887,1.3007070827035665,12.695571668784284,11.394864586080718,True,1,5,"0,1,2,3,4"
Fig. 2c,Replogle-E-rpe1,Replogle-E-RPE1,15,1812,7887,1.1961103719021438,12.327999994975608,11.131889623073464,True,1,5,"0,1,2,3,4"
Fig. 2c,Pan-GW-hESC,Pan-GP-H1,0,2164,8356,10.446551007153175,24.71660049577967,14.270049488626492,True,2,5,"0,1,2,3,4"
Fig. 2c,Pan-GW-hESC,Pan-GP-H1,1,2164,8356,7.881370627593738,22.446300861531306,14.564930233937568,True,2,5,"0,1,2,3,4"
Fig. 2c,Pan-GW-hESC,Pan-GP-H1,2,2164,8356,5.976155030967588,20.623902950510608,14.64774791954302,True,2,5,"0,1,2,3,4"
Fig. 2c,Pan-GW-hESC,Pan-GP-H1,3,2164,8356,3.471795192912956,17.8336714168065,14.361876223893542,True,2,5,"0,1,2,3,4"
Fig. 2c,Pan-GW-hESC,Pan-GP-H1,4,2164,8356,2.940267903443353,16.242648116767437,13.302380213324083,True,2,5,"0,1,2,3,4"
Fig. 2c,Pan-GW-hESC,Pan-GP-H1,5,2164,8356,2.372603255278293,16.344924327227957,13.972321071949665,True,2,5,"0,1,2,3,4"
Fig. 2c,Pan-GW-hESC,Pan-GP-H1,6,2164,8356,2.189449681180495,15.538077001709455,13.34862732052896,True,2,5,"0,1,2,3,4"
Fig. 2c,Pan-GW-hESC,Pan-GP-H1,7,2164,8356,1.8595994326403955,14.30302572139571,12.443426288755314,True,2,5,"0,1,2,3,4"
Fig. 2c,Pan-GW-hESC,Pan-GP-H1,8,2164,8356,1.5150415339938896,13.582180352608264,12.067138818614374,True,2,5,"0,1,2,3,4"
Fig. 2c,Pan-GW-hESC,Pan-GP-H1,9,2164,8356,1.3268417752831547,13.040288798861429,11.713447023578272,True,2,5,"0,1,2,3,4"
Fig. 2c,Pan-GW-hESC,Pan-GP-H1,10,2164,8356,1.2462223143519768,12.374948735401498,11.12872642104952,True,2,5,"0,1,2,3,4"
Fig. 2c,Pan-GW-hESC,Pan-GP-H1,11,2164,8356,1.010442371573676,11.329268116647054,10.318825745073378,True,2,5,"0,1,2,3,4"
Fig. 2c,Pan-GW-hESC,Pan-GP-H1,12,2164,8356,0.9961786364164184,11.212200391812672,10.216021755396254,True,2,5,"0,1,2,3,4"
Fig. 2c,Pan-GW-hESC,Pan-GP-H1,13,2164,8356,0.9788009890293298,10.844658926674605,9.865857937645274,True,2,5,"0,1,2,3,4"
Fig. 2c,Pan-GW-hESC,Pan-GP-H1,14,2164,8356,0.816248947319134,10.07573413772582,9.259485190406687,True,2,5,"0,1,2,3,4"
Fig. 2c,Pan-GW-hESC,Pan-GP-H1,15,2164,8356,0.8035624737477179,10.141296342895853,9.337733869148137,True,2,5,"0,1,2,3,4"
Supplementary Fig. S5a,Replogle-GW-k562,Replogle-GW-K562,0,6807,7446,11.87629703552648,29.419117976697382,17.542820941170906,True,0,5,"0,1,2,3,4"
Supplementary Fig. S5a,Replogle-GW-k562,Replogle-GW-K562,1,6807,7446,8.786840754460965,23.759202237055344,14.97236148259438,True,0,5,"0,1,2,3,4"
Supplementary Fig. S5a,Replogle-GW-k562,Replogle-GW-K562,2,6807,7446,3.401587991398126,16.490733729969556,13.08914573857143,True,0,5,"0,1,2,3,4"
Supplementary Fig. S5a,Replogle-GW-k562,Replogle-GW-K562,3,6807,7446,2.4515692859014795,13.188911191375444,10.737341905473963,True,0,5,"0,1,2,3,4"
Supplementary Fig. S5a,Replogle-GW-k562,Replogle-GW-K562,4,6807,7446,1.68458369300886,9.84016185921652,8.155578166207658,True,0,5,"0,1,2,3,4"
Supplementary Fig. S5a,Replogle-GW-k562,Replogle-GW-K562,5,6807,7446,1.4221417570281405,9.132900761715456,7.710759004687314,True,0,5,"0,1,2,3,4"
Supplementary Fig. S5a,Replogle-GW-k562,Replogle-GW-K562,6,6807,7446,1.1826877283380826,8.706132199086966,7.523444470748883,True,0,5,"0,1,2,3,4"
Supplementary Fig. S5a,Replogle-GW-k562,Replogle-GW-K562,7,6807,7446,1.0752146107025626,8.311717621833806,7.236503011131242,True,0,5,"0,1,2,3,4"
Supplementary Fig. S5a,Replogle-GW-k562,Replogle-GW-K562,8,6807,7446,0.8488252629354591,7.871924247134967,7.023098984199508,True,0,5,"0,1,2,3,4"
Supplementary Fig. S5a,Replogle-GW-k562,Replogle-GW-K562,9,6807,7446,0.8368391475818348,7.655683967767948,6.818844820186113,True,0,5,"0,1,2,3,4"
Supplementary Fig. S5a,Replogle-GW-k562,Replogle-GW-K562,10,6807,7446,0.6946978199093018,7.029827265094887,6.3351294451855855,True,0,5,"0,1,2,3,4"
Supplementary Fig. S5a,Replogle-GW-k562,Replogle-GW-K562,11,6807,7446,0.6654059597385962,6.774752122077869,6.109346162339273,True,0,5,"0,1,2,3,4"
Supplementary Fig. S5a,Replogle-GW-k562,Replogle-GW-K562,12,6807,7446,0.6353714752728823,6.4311856216872725,5.79581414641439,True,0,5,"0,1,2,3,4"
Supplementary Fig. S5a,Replogle-GW-k562,Replogle-GW-K562,13,6807,7446,0.5683259698564902,6.204584601622365,5.636258631765875,True,0,5,"0,1,2,3,4"
Supplementary Fig. S5a,Replogle-GW-k562,Replogle-GW-K562,14,6807,7446,0.5093656232741144,5.780983700843344,5.271618077569229,True,0,5,"0,1,2,3,4"
Supplementary Fig. S5a,Replogle-GW-k562,Replogle-GW-K562,15,6807,7446,0.4886276657555039,5.547893836805027,5.059266171049523,True,0,5,"0,1,2,3,4"
Supplementary Fig. S5a,Nadig-HEPG2,Nadig-HepG2,0,1813,8120,30.87121866062986,48.967278355618966,18.096059694989105,True,1,5,"0,1,2,3,4"
Supplementary Fig. S5a,Nadig-HEPG2,Nadig-HepG2,1,1813,8120,11.545960232315194,30.394846076901544,18.84888584458635,True,1,5,"0,1,2,3,4"
Supplementary Fig. S5a,Nadig-HEPG2,Nadig-HepG2,2,1813,8120,7.468702726398227,23.592978494775306,16.124275768377075,True,1,5,"0,1,2,3,4"
Supplementary Fig. S5a,Nadig-HEPG2,Nadig-HepG2,3,1813,8120,5.745495430523244,22.307807017712715,16.56231158718947,True,1,5,"0,1,2,3,4"
Supplementary Fig. S5a,Nadig-HEPG2,Nadig-HepG2,4,1813,8120,4.403034051393024,20.645958120038745,16.242924068645717,True,1,5,"0,1,2,3,4"
Supplementary Fig. S5a,Nadig-HEPG2,Nadig-HepG2,5,1813,8120,4.036697139928199,17.355163005085334,13.318465865157137,True,1,5,"0,1,2,3,4"
Supplementary Fig. S5a,Nadig-HEPG2,Nadig-HepG2,6,1813,8120,3.2548041259966727,15.751331203170508,12.496527077173834,True,1,5,"0,1,2,3,4"
Supplementary Fig. S5a,Nadig-HEPG2,Nadig-HepG2,7,1813,8120,2.2813586122391865,14.392695792454038,12.111337180214852,True,1,5,"0,1,2,3,4"
Supplementary Fig. S5a,Nadig-HEPG2,Nadig-HepG2,8,1813,8120,2.011410935685842,13.842667525971825,11.831256590285983,True,1,5,"0,1,2,3,4"
Supplementary Fig. S5a,Nadig-HEPG2,Nadig-HepG2,9,1813,8120,1.8112145389134455,12.810765166985208,10.999550628071765,True,1,5,"0,1,2,3,4"
Supplementary Fig. S5a,Nadig-HEPG2,Nadig-HepG2,10,1813,8120,1.7229535367586235,12.38651933621872,10.663565799460097,True,1,5,"0,1,2,3,4"
Supplementary Fig. S5a,Nadig-HEPG2,Nadig-HepG2,11,1813,8120,1.4125916620315566,11.801981700682292,10.389390038650737,True,1,5,"0,1,2,3,4"
Supplementary Fig. S5a,Nadig-HEPG2,Nadig-HepG2,12,1813,8120,1.3340124325510274,11.396502842222803,10.062490409671778,True,1,5,"0,1,2,3,4"
Supplementary Fig. S5a,Nadig-HEPG2,Nadig-HepG2,13,1813,8120,1.1758844983588956,11.20859345641201,10.032708958053115,True,1,5,"0,1,2,3,4"
Supplementary Fig. S5a,Nadig-HEPG2,Nadig-HepG2,14,1813,8120,1.0895228333312523,10.667803048695845,9.578280215364591,True,1,5,"0,1,2,3,4"
Supplementary Fig. S5a,Nadig-HEPG2,Nadig-HepG2,15,1813,8120,0.9592327925489692,10.088573216177156,9.129340423628188,True,1,5,"0,1,2,3,4"
Supplementary Fig. S5a,Nadig-JURKAT,Nadig-Jurkat,0,1956,8143,21.34786412343002,33.59156998212558,12.243705858695556,True,2,5,"0,1,2,3,4"
Supplementary Fig. S5a,Nadig-JURKAT,Nadig-Jurkat,1,1956,8143,11.056480294944238,22.443624236870548,11.38714394192631,True,2,5,"0,1,2,3,4"
Supplementary Fig. S5a,Nadig-JURKAT,Nadig-Jurkat,2,1956,8143,5.584486728955447,16.760899357830404,11.176412628874957,True,2,5,"0,1,2,3,4"
Supplementary Fig. S5a,Nadig-JURKAT,Nadig-Jurkat,3,1956,8143,3.966712750530187,13.36898836192387,9.402275611393684,True,2,5,"0,1,2,3,4"
Supplementary Fig. S5a,Nadig-JURKAT,Nadig-Jurkat,4,1956,8143,3.617673378857816,12.236872432440698,8.619199053582882,True,2,5,"0,1,2,3,4"
Supplementary Fig. S5a,Nadig-JURKAT,Nadig-Jurkat,5,1956,8143,3.393011442295664,11.16292083468642,7.769909392390755,True,2,5,"0,1,2,3,4"
Supplementary Fig. S5a,Nadig-JURKAT,Nadig-Jurkat,6,1956,8143,1.996199042727369,10.365220270122444,8.369021227395073,True,2,5,"0,1,2,3,4"
Supplementary Fig. S5a,Nadig-JURKAT,Nadig-Jurkat,7,1956,8143,1.7039818657024113,9.846593589769403,8.142611724066992,True,2,5,"0,1,2,3,4"
Supplementary Fig. S5a,Nadig-JURKAT,Nadig-Jurkat,8,1956,8143,1.4759785314851028,8.55268924677207,7.076710715286968,True,2,5,"0,1,2,3,4"
Supplementary Fig. S5a,Nadig-JURKAT,Nadig-Jurkat,9,1956,8143,1.4718013154035388,8.449641672822466,6.977840357418927,True,2,5,"0,1,2,3,4"
Supplementary Fig. S5a,Nadig-JURKAT,Nadig-Jurkat,10,1956,8143,1.445214745709614,8.117205419628618,6.671990673919004,True,2,5,"0,1,2,3,4"
Supplementary Fig. S5a,Nadig-JURKAT,Nadig-Jurkat,11,1956,8143,1.1863235252007356,7.597734957023734,6.411411431822998,True,2,5,"0,1,2,3,4"
Supplementary Fig. S5a,Nadig-JURKAT,Nadig-Jurkat,12,1956,8143,1.1123130877665768,7.33433744487642,6.222024357109843,True,2,5,"0,1,2,3,4"
Supplementary Fig. S5a,Nadig-JURKAT,Nadig-Jurkat,13,1956,8143,0.9794811765367716,6.900450512406435,5.920969335869663,True,2,5,"0,1,2,3,4"
Supplementary Fig. S5a,Nadig-JURKAT,Nadig-Jurkat,14,1956,8143,0.8428623201320605,6.505527627945116,5.662665307813056,True,2,5,"0,1,2,3,4"
Supplementary Fig. S5a,Nadig-JURKAT,Nadig-Jurkat,15,1956,8143,0.8137376951539435,6.345285488161268,5.531547793007324,True,2,5,"0,1,2,3,4"
Supplementary Fig. S5a,Huang-HCT116,Huang-HCT116,0,8068,9191,9.896349354472331,25.417893293656466,15.52154393918413,True,3,5,"0,1,2,3,4"
Supplementary Fig. S5a,Huang-HCT116,Huang-HCT116,1,8068,9191,5.8231010081017205,14.650239608621677,8.827138600519955,True,3,5,"0,1,2,3,4"
Supplementary Fig. S5a,Huang-HCT116,Huang-HCT116,2,8068,9191,2.194120467931185,10.059186287726227,7.865065819795042,True,3,5,"0,1,2,3,4"
Supplementary Fig. S5a,Huang-HCT116,Huang-HCT116,3,8068,9191,2.0533194822098064,8.406322189757551,6.353002707547745,True,3,5,"0,1,2,3,4"
Supplementary Fig. S5a,Huang-HCT116,Huang-HCT116,4,8068,9191,1.617411112409264,6.735076145488595,5.117665033079331,True,3,5,"0,1,2,3,4"
Supplementary Fig. S5a,Huang-HCT116,Huang-HCT116,5,8068,9191,1.1829420750836106,5.54980671113465,4.366864636051039,True,3,5,"0,1,2,3,4"
Supplementary Fig. S5a,Huang-HCT116,Huang-HCT116,6,8068,9191,1.0478280151862591,5.0732573075943685,4.025429292408109,True,3,5,"0,1,2,3,4"
Supplementary Fig. S5a,Huang-HCT116,Huang-HCT116,7,8068,9191,0.7409157766867365,4.538375647417388,3.797459870730651,True,3,5,"0,1,2,3,4"
Supplementary Fig. S5a,Huang-HCT116,Huang-HCT116,8,8068,9191,0.6769001686653614,4.446351069326847,3.769450900661486,True,3,5,"0,1,2,3,4"
Supplementary Fig. S5a,Huang-HCT116,Huang-HCT116,9,8068,9191,0.5934153359928033,4.276211003972263,3.6827956679794593,True,3,5,"0,1,2,3,4"
Supplementary Fig. S5a,Huang-HCT116,Huang-HCT116,10,8068,9191,0.5403902914784264,3.979963540170592,3.4395732486921657,True,3,5,"0,1,2,3,4"
Supplementary Fig. S5a,Huang-HCT116,Huang-HCT116,11,8068,9191,0.5086421534967894,3.838086488718436,3.3294443352216465,True,3,5,"0,1,2,3,4"
Supplementary Fig. S5a,Huang-HCT116,Huang-HCT116,12,8068,9191,0.4929081350173045,3.6344263778481705,3.141518242830866,True,3,5,"0,1,2,3,4"
Supplementary Fig. S5a,Huang-HCT116,Huang-HCT116,13,8068,9191,0.4574954618326581,3.476853301910575,3.019357840077917,True,3,5,"0,1,2,3,4"
Supplementary Fig. S5a,Huang-HCT116,Huang-HCT116,14,8068,9191,0.4116203212207777,3.2775713955381405,2.865951074317363,True,3,5,"0,1,2,3,4"
Supplementary Fig. S5a,Huang-HCT116,Huang-HCT116,15,8068,9191,0.356244500637063,3.0476502769936045,2.6914057763565413,True,3,5,"0,1,2,3,4"
Supplementary Fig. S5a,Huang-HEK293T,Huang-HEK293T,0,9060,10445,21.246446769038705,21.246568227056173,0.0001214580174675,True,4,5,"0,1,2,3,4"
Supplementary Fig. S5a,Huang-HEK293T,Huang-HEK293T,1,9060,10445,3.922808563608484,7.848814594399037,3.926006030790552,True,4,5,"0,1,2,3,4"
Supplementary Fig. S5a,Huang-HEK293T,Huang-HEK293T,2,9060,10445,1.5205082711734188,4.190765478776686,2.670257207603267,True,4,5,"0,1,2,3,4"
Supplementary Fig. S5a,Huang-HEK293T,Huang-HEK293T,3,9060,10445,1.424080180854812,3.9513712171124897,2.5272910362576777,True,4,5,"0,1,2,3,4"
Supplementary Fig. S5a,Huang-HEK293T,Huang-HEK293T,4,9060,10445,1.2899189841071776,3.3315690444073334,2.041650060300156,True,4,5,"0,1,2,3,4"
Supplementary Fig. S5a,Huang-HEK293T,Huang-HEK293T,5,9060,10445,0.7277754958190479,2.382015195754427,1.654239699935379,True,4,5,"0,1,2,3,4"
Supplementary Fig. S5a,Huang-HEK293T,Huang-HEK293T,6,9060,10445,0.6372990269388393,2.2046537580594063,1.5673547311205671,True,4,5,"0,1,2,3,4"
Supplementary Fig. S5a,Huang-HEK293T,Huang-HEK293T,7,9060,10445,0.5410512301545459,1.9822441506728088,1.4411929205182634,True,4,5,"0,1,2,3,4"
Supplementary Fig. S5a,Huang-HEK293T,Huang-HEK293T,8,9060,10445,0.4590444763411082,1.846172242433854,1.387127766092746,True,4,5,"0,1,2,3,4"
Supplementary Fig. S5a,Huang-HEK293T,Huang-HEK293T,9,9060,10445,0.4505034020092573,1.8004634183368622,1.3499600163276049,True,4,5,"0,1,2,3,4"
Supplementary Fig. S5a,Huang-HEK293T,Huang-HEK293T,10,9060,10445,0.3793407067525299,1.7113817483439888,1.332041041591459,True,4,5,"0,1,2,3,4"
Supplementary Fig. S5a,Huang-HEK293T,Huang-HEK293T,11,9060,10445,0.3177031249501877,1.6281446411950844,1.3104415162448966,True,4,5,"0,1,2,3,4"
Supplementary Fig. S5a,Huang-HEK293T,Huang-HEK293T,12,9060,10445,0.3158787168680224,1.6063918344460133,1.290513117577991,True,4,5,"0,1,2,3,4"
Supplementary Fig. S5a,Huang-HEK293T,Huang-HEK293T,13,9060,10445,0.3087004462950783,1.5500153417659277,1.2413148954708493,True,4,5,"0,1,2,3,4"
Supplementary Fig. S5a,Huang-HEK293T,Huang-HEK293T,14,9060,10445,0.2884756470429066,1.4574931970169296,1.169017549974023,True,4,5,"0,1,2,3,4"
Supplementary Fig. S5a,Huang-HEK293T,Huang-HEK293T,15,9060,10445,0.2743292605373956,1.402782471350229,1.1284532108128331,True,4,5,"0,1,2,3,4"
Supplementary Fig. S5a,VCC,VCC-H1,0,293,9786,14.041111727323557,26.495479230736983,12.454367503413426,True,5,5,"0,1,2,3,4"
Supplementary Fig. S5a,VCC,VCC-H1,1,293,9786,12.155898787946354,24.6306254005097,12.474726612563346,True,5,5,"0,1,2,3,4"
Supplementary Fig. S5a,VCC,VCC-H1,2,293,9786,11.745790083033064,23.01820530319125,11.272415220158187,True,5,5,"0,1,2,3,4"
Supplementary Fig. S5a,VCC,VCC-H1,3,293,9786,9.797948135778752,21.309847655593277,11.51189951981452,True,5,5,"0,1,2,3,4"
Supplementary Fig. S5a,VCC,VCC-H1,4,293,9786,9.375546387649322,20.481458684094203,11.10591229644488,True,5,5,"0,1,2,3,4"
Supplementary Fig. S5a,VCC,VCC-H1,5,293,9786,7.603501973577173,21.21994995379522,13.616447980218044,True,5,5,"0,1,2,3,4"
Supplementary Fig. S5a,VCC,VCC-H1,6,293,9786,7.216787171061803,21.0402717541968,13.823484583134997,True,5,5,"0,1,2,3,4"
Supplementary Fig. S5a,VCC,VCC-H1,7,293,9786,6.694911388458305,19.77825824300771,13.083346854549404,True,5,5,"0,1,2,3,4"
Supplementary Fig. S5a,VCC,VCC-H1,8,293,9786,6.078329628456674,18.84684190624047,12.768512277783795,True,5,5,"0,1,2,3,4"
Supplementary Fig. S5a,VCC,VCC-H1,9,293,9786,5.054992008580101,17.669933180683408,12.614941172103308,True,5,5,"0,1,2,3,4"
Supplementary Fig. S5a,VCC,VCC-H1,10,293,9786,4.696676170276507,17.169006709119376,12.472330538842868,True,5,5,"0,1,2,3,4"
Supplementary Fig. S5a,VCC,VCC-H1,11,293,9786,4.4753716363040565,16.644004882347843,12.168633246043786,True,5,5,"0,1,2,3,4"
Supplementary Fig. S5a,VCC,VCC-H1,12,293,9786,4.309110347283691,16.003854962397956,11.694744615114264,True,5,5,"0,1,2,3,4"
Supplementary Fig. S5a,VCC,VCC-H1,13,293,9786,4.071492005387916,15.335504375035566,11.264012369647649,True,5,5,"0,1,2,3,4"
Supplementary Fig. S5a,VCC,VCC-H1,14,293,9786,4.173794351997894,15.421209737002172,11.247415385004278,True,5,5,"0,1,2,3,4"
Supplementary Fig. S5a,VCC,VCC-H1,15,293,9786,3.986612451250732,14.680462600334712,10.69385014908398,True,5,5,"0,1,2,3,4"
Supplementary Fig. S5a,Feng-ts,Feng-TS-iPSC,0,403,8987,9.185474200228072,24.869220262237253,15.68374606200918,True,6,5,"0,1,2,3,4"
Supplementary Fig. S5a,Feng-ts,Feng-TS-iPSC,1,403,8987,9.010345877930163,21.783690071509803,12.77334419357964,True,6,5,"0,1,2,3,4"
Supplementary Fig. S5a,Feng-ts,Feng-TS-iPSC,2,403,8987,6.308358006444613,19.13265690305875,12.824298896614136,True,6,5,"0,1,2,3,4"
Supplementary Fig. S5a,Feng-ts,Feng-TS-iPSC,3,403,8987,4.804474290938836,18.23712459771605,13.43265030677722,True,6,5,"0,1,2,3,4"
Supplementary Fig. S5a,Feng-ts,Feng-TS-iPSC,4,403,8987,4.450044482231659,17.630000383500793,13.179955901269134,True,6,5,"0,1,2,3,4"
Supplementary Fig. S5a,Feng-ts,Feng-TS-iPSC,5,403,8987,4.074158030610827,17.201425705872005,13.127267675261177,True,6,5,"0,1,2,3,4"
Supplementary Fig. S5a,Feng-ts,Feng-TS-iPSC,6,403,8987,3.651905795533098,17.486507251714112,13.834601456181016,True,6,5,"0,1,2,3,4"
Supplementary Fig. S5a,Feng-ts,Feng-TS-iPSC,7,403,8987,3.2700678579252958,16.140621907740694,12.8705540498154,True,6,5,"0,1,2,3,4"
Supplementary Fig. S5a,Feng-ts,Feng-TS-iPSC,8,403,8987,3.0808903355928643,15.621191199634612,12.540300864041749,True,6,5,"0,1,2,3,4"
Supplementary Fig. S5a,Feng-ts,Feng-TS-iPSC,9,403,8987,2.9317220636512875,15.022901891694602,12.091179828043314,True,6,5,"0,1,2,3,4"
Supplementary Fig. S5a,Feng-ts,Feng-TS-iPSC,10,403,8987,2.7615762311238226,14.30451201569376,11.542935784569938,True,6,5,"0,1,2,3,4"
Supplementary Fig. S5a,Feng-ts,Feng-TS-iPSC,11,403,8987,2.57027851057643,13.640899077792652,11.07062056721622,True,6,5,"0,1,2,3,4"
Supplementary Fig. S5a,Feng-ts,Feng-TS-iPSC,12,403,8987,2.503707591349022,13.372617708538986,10.868910117189964,True,6,5,"0,1,2,3,4"
Supplementary Fig. S5a,Feng-ts,Feng-TS-iPSC,13,403,8987,2.3421826910996373,13.119152851309424,10.776970160209784,True,6,5,"0,1,2,3,4"
Supplementary Fig. S5a,Feng-ts,Feng-TS-iPSC,14,403,8987,2.218087510596949,12.694293353313672,10.476205842716723,True,6,5,"0,1,2,3,4"
Supplementary Fig. S5a,Feng-ts,Feng-TS-iPSC,15,403,8987,2.0609167540986726,12.43610348571603,10.375186731617358,True,6,5,"0,1,2,3,4"
