panel,display_dataset,display_rank,TF,target_median_abs_effect,non_target_median_abs_effect,targets_vs_non_targets,n_rejected_target_genes,dataset,cell_line,network,test,effect_type,condition,n_primary_genes,n_rejected_non_target_genes,target_mean_abs_effect,non_target_mean_abs_effect,n_calls_missing_effect,n_eligible_target_genes,n_eligible_non_target_genes,median_magnitude_difference,mean_magnitude_difference,median_ratio_for_order
Fig. 2f,Replogle-GW-K562,1,MYB,0.1223252093021266,0.1101112574016497,larger,93,Replogle-GW-k562,K562,SCENICplus_K562_active,conjunction,residual,conjunction_residual,7446,510,0.1892138290427106,0.1316815658034722,0,936,6509,0.0122139519004768,0.0575322632392384,1.1109237346725087
Fig. 2f,Replogle-GW-K562,2,GATA1,0.2564435440797595,0.2242949479545392,larger,59,Replogle-GW-k562,K562,SCENICplus_K562_active,conjunction,residual,conjunction_residual,7446,355,0.3247008803243593,0.2776658417646709,0,716,6729,0.0321485961252203,0.0470350385596883,1.1433317888717507
Fig. 2f,Replogle-GW-K562,3,ETV4,0.1739288017406851,0.1513364811617791,larger,53,Replogle-GW-k562,K562,SCENICplus_K562_active,conjunction,residual,conjunction_residual,7446,588,0.197798634585208,0.1799905930083476,0,523,6922,0.0225923205789059,0.0178080415768603,1.149285356745904
Fig. 2f,Replogle-GW-K562,4,TAL1,0.100823358538736,0.0814150156411155,larger,24,Replogle-GW-k562,K562,SCENICplus_K562_active,conjunction,residual,conjunction_residual,7446,91,0.1273235291721026,0.0878340373630613,0,765,6680,0.0194083428976205,0.0394894918090412,1.2383877561747845
Fig. 2f,Replogle-GW-K562,5,ARID5B,0.1239627366598108,0.1084838490828088,larger,23,Replogle-GW-k562,K562,SCENICplus_K562_active,conjunction,residual,conjunction_residual,7446,220,0.1413435772452397,0.1232700015628729,0,812,6633,0.0154788875770019,0.0180735756823667,1.1426837977069428
Fig. 2f,Replogle-GW-K562,6,RAD21,0.0999929795411196,0.0996078715452799,larger,8,Replogle-GW-k562,K562,SCENICplus_K562_active,conjunction,residual,conjunction_residual,7446,799,0.096172440784078,0.119817042651464,0,130,7315,0.0003851079958396,-0.0236446018673859,1.00386624058787
Fig. 2f,Replogle-GW-K562,7,SMARCC1,0.1493300286201713,0.1520652147048113,smaller,7,Replogle-GW-k562,K562,SCENICplus_K562_active,conjunction,residual,conjunction_residual,7446,159,0.1741469400302859,0.1814470776522782,0,503,6942,-0.0027351860846399,-0.0073001376219922,0.9820130718918885
Fig. 2f,Replogle-GW-K562,8,BHLHE40,0.0688075109936906,0.0777641096349074,smaller,5,Replogle-GW-k562,K562,SCENICplus_K562_active,conjunction,residual,conjunction_residual,7446,86,0.1063975592516407,0.0902529035478703,0,314,7131,-0.0089565986412167,0.0161446557037703,0.8848234914118237
Fig. 2f,Replogle-GW-K562,9,KLF1,0.4001171216745174,0.1400399111914468,larger,4,Replogle-GW-k562,K562,SCENICplus_K562_active,conjunction,residual,conjunction_residual,7446,7,0.3714472846092482,0.2259094930020751,0,877,6568,0.2600772104830705,0.1455377916071731,2.857164920131393
Fig. 2f,Replogle-GW-K562,10,STAT5A,0.104662932373761,0.0781381615032334,larger,4,Replogle-GW-k562,K562,SCENICplus_K562_active,conjunction,residual,conjunction_residual,7446,26,0.1111729805710723,0.0815567374440678,0,561,6884,0.0265247708705276,0.0296162431270044,1.3394598792733303
Fig. 2f,Replogle-GW-K562,11,ATF5,0.255390507932989,0.2153915418676707,larger,4,Replogle-GW-k562,K562,SCENICplus_K562_active,conjunction,residual,conjunction_residual,7446,114,0.2792316685344132,0.2433536720479699,0,290,7155,0.0399989660653183,0.0358779964864433,1.185703513325014
Fig. 2f,Replogle-GW-K562,12,SFPQ,0.1339177119657291,0.1196564547429544,larger,4,Replogle-GW-k562,K562,SCENICplus_K562_active,conjunction,residual,conjunction_residual,7446,584,0.1655068918869411,0.1303143427689524,0,57,7388,0.0142612572227746,0.0351925491179887,1.119185022265708
Fig. 2f,Replogle-GW-K562,13,EGR1,0.0773103495445874,0.0885921283391912,smaller,4,Replogle-GW-k562,K562,SCENICplus_K562_active,conjunction,residual,conjunction_residual,7446,61,0.0898091254786991,0.1073767245083588,0,460,6985,-0.0112817787946037,-0.0175675990296596,0.8726548395878985
Fig. 2f,Replogle-GW-K562,14,LIN28B,0.1815477688752104,0.1219392373848098,larger,3,Replogle-GW-k562,K562,SCENICplus_K562_active,conjunction,residual,conjunction_residual,7446,12,0.1848955133884696,0.1242536900101713,0,142,7303,0.0596085314904006,0.0606418233782982,1.488837988237461
Fig. 2f,Replogle-GW-K562,15,STAT5B,0.1721063177258738,0.138976535980983,larger,3,Replogle-GW-k562,K562,SCENICplus_K562_active,conjunction,residual,conjunction_residual,7446,260,0.2401368704530061,0.174060780575785,0,69,7376,0.0331297817448907,0.066076089877221,1.2383839941831918
Fig. 2f,Replogle-GW-K562,16,WT1,0.1218889835008848,0.1097852401704255,larger,3,Replogle-GW-k562,K562,SCENICplus_K562_active,conjunction,residual,conjunction_residual,7446,40,0.1139610686931176,0.1214154474444298,0,386,7059,0.0121037433304592,-0.0074543787513121,1.1102492767850214
Fig. 2f,Replogle-GW-K562,17,BRCA1,0.1375345355982412,0.1377959414211412,smaller,3,Replogle-GW-k562,K562,SCENICplus_K562_active,conjunction,residual,conjunction_residual,7446,13,0.1296323407825651,0.1908499157926681,0,92,7353,-0.0002614058229,-0.061217575010103,0.9981029497661249
Fig. 2f,Replogle-GW-K562,18,HHEX,0.105207748242502,0.1108120415709456,smaller,3,Replogle-GW-k562,K562,SCENICplus_K562_active,conjunction,residual,conjunction_residual,7446,177,0.106679979753158,0.1229868590310518,0,199,7246,-0.0056042933284436,-0.0163068792778937,0.9494252316896847
Supplementary Fig. S5d,Nadig-HepG2,1,MYC,0.2187448167856637,0.2338220742404025,smaller,82,Nadig-HEPG2,HepG2,SCENICplus_HepG2_active,conjunction,residual,conjunction_residual,8120,646,0.240510830173015,0.2711256166902799,0,519,7600,-0.0150772574547387,-0.0306147865172648,0.9355182460692859
Supplementary Fig. S5d,Nadig-HepG2,2,ETV4,0.5514091153351733,0.405235703436874,larger,21,Nadig-HEPG2,HepG2,SCENICplus_HepG2_active,conjunction,residual,conjunction_residual,8120,36,0.5777305840288703,0.4436994771542795,0,843,7276,0.1461734118982993,0.1340311068745908,1.3607120761042955
Supplementary Fig. S5d,Nadig-HepG2,3,ARID3A,0.5183692033778287,0.3850005905235598,larger,16,Nadig-HEPG2,HepG2,SCENICplus_HepG2_active,conjunction,residual,conjunction_residual,8120,18,0.5521008387844075,0.4431860867723423,0,922,7197,0.1333686128542688,0.1089147520120651,1.3464114501042759
Supplementary Fig. S5d,Nadig-HepG2,4,BPTF,0.0723874016611368,0.0915377703447763,smaller,11,Nadig-HEPG2,HepG2,SCENICplus_HepG2_active,conjunction,residual,conjunction_residual,8120,629,0.0935140824789058,0.1063876949505142,0,234,7885,-0.0191503686836394,-0.0128736124716084,0.7907927119973561
Supplementary Fig. S5d,Nadig-HepG2,5,ATF5,0.1856461037621118,0.1890289506492438,smaller,8,Nadig-HEPG2,HepG2,SCENICplus_HepG2_active,conjunction,residual,conjunction_residual,8120,547,0.1819944084388468,0.2113128396451805,0,148,7971,-0.003382846887132,-0.0293184312063337,0.9821040804833694
Supplementary Fig. S5d,Huang-HCT116,1,TCF7L2,0.117723239511639,0.0923475829296587,larger,78,Huang-HCT116,HCT116,SCENICplus_HCT116_active,conjunction,residual,conjunction_residual,9191,477,0.1341883172767702,0.1102571928599244,0,393,8797,0.0253756565819803,0.0239311244168457,1.274784198751677
Supplementary Fig. S5d,Huang-HCT116,2,ETV5,0.2377582225982404,0.157539851231818,larger,7,Huang-HCT116,HCT116,SCENICplus_HCT116_active,conjunction,residual,conjunction_residual,9191,138,0.2333088425695437,0.166619876218145,0,408,8782,0.0802183713664224,0.0666889663513987,1.5091941546166756
Supplementary Fig. S5d,Huang-HCT116,3,HMGA1,0.1519759340616976,0.1103756611618622,larger,4,Huang-HCT116,HCT116,SCENICplus_HCT116_active,conjunction,residual,conjunction_residual,9191,36,0.1477745954985606,0.1320385731629298,0,1015,8175,0.0416002728998353,0.0157360223356307,1.3768971570537638
Supplementary Fig. S5d,Huang-HCT116,4,SFPQ,0.0862706200154283,0.0925072285350895,smaller,4,Huang-HCT116,HCT116,SCENICplus_HCT116_active,conjunction,residual,conjunction_residual,9191,1033,0.0998696725623048,0.10874725923833,0,42,9148,-0.0062366085196611,-0.0088775866760252,0.9325824736247984
Supplementary Fig. S5d,Huang-HCT116,5,BPTF,0.1282195766671829,0.1214474908820545,larger,3,Huang-HCT116,HCT116,SCENICplus_HCT116_active,conjunction,residual,conjunction_residual,9191,128,0.1289724581285736,0.1324551896461539,0,269,8921,0.0067720857851283,-0.0034827315175803,1.055761430194595
Supplementary Fig. S5d,Huang-HCT116,6,BHLHE40,0.1121597680091631,0.1571411919552505,smaller,3,Huang-HCT116,HCT116,SCENICplus_HCT116_active,conjunction,residual,conjunction_residual,9191,15,0.1915146507394071,0.1665902806875749,0,341,8849,-0.0449814239460873,0.0249243700518321,0.7137515416142645
