,Replogle-E-k562,Replogle-GW-k562,Replogle-E-rpe1,Nadig-HEPG2,Nadig-JURKAT,Huang-HCT116,Huang-HEK293T,Pan-GP-hESC,VCC-hESC,Feng-ts-ipsc,Feng-GW-ipsc,Nourreddine-GW-ipsc
Replogle-E-k562,1.0,0.7942750542828441,0.4092073965159345,0.3540178461464736,0.5589670137566233,0.3146868303231271,0.1336093811852868,0.12639978713182443,0.28853661053930496,-0.039933491239764585,-0.021788332412879384,-0.0028689532315209383
Replogle-GW-k562,0.7942750542828441,1.0,0.4526745373510454,0.401130127196105,0.604831245221248,0.2973492030753074,0.06979747273519357,0.2166937721786183,0.3086269178434243,-0.03002904473794212,-0.014760694287965935,-0.004250141452048495
Replogle-E-rpe1,0.4092073965159345,0.4526745373510454,1.0,0.6447320422984569,0.49090066119909487,0.496143463356735,0.05520843847595327,0.09216696414185728,0.1957203705458643,0.003241346331796038,0.010284787110833086,0.0005084691133486765
Nadig-HEPG2,0.3540178461464736,0.401130127196105,0.6447320422984569,1.0,0.45658002828480476,0.5780329149378657,0.09834568710132854,0.05632289628767544,0.18765733828731207,-0.00913775092983722,-0.003959715142093305,-0.0021415689692665385
Nadig-JURKAT,0.5589670137566233,0.604831245221248,0.49090066119909487,0.45658002828480476,1.0,0.4129961391290954,0.18590437806812143,0.1775715484426452,0.3049046411414564,-0.03772639811822896,-0.035598949132116676,-0.0009165228866900342
Huang-HCT116,0.3146868303231271,0.2973492030753074,0.496143463356735,0.5780329149378657,0.4129961391290954,1.0,0.18244454884879918,0.025530855438607523,0.04553886548269085,0.00928877761593645,-0.01732325787942628,0.017329653399086063
Huang-HEK293T,0.1336093811852868,0.06979747273519357,0.05520843847595327,0.09834568710132854,0.18590437806812143,0.18244454884879918,1.0,0.0025580413781206308,0.030315396552800158,0.0030987624108610623,0.014530384244743835,0.029582841113752315
Pan-GP-hESC,0.12639978713182443,0.2166937721786183,0.09216696414185728,0.05632289628767544,0.1775715484426452,0.025530855438607523,0.0025580413781206308,1.0,0.213606440589371,0.01706136729154493,-0.015554506477421428,-0.014432905270146911
VCC-hESC,0.28853661053930496,0.3086269178434243,0.1957203705458643,0.18765733828731207,0.3049046411414564,0.04553886548269085,0.030315396552800158,0.213606440589371,1.0,-0.048411131083931316,-0.004824874051425622,0.00401440345401558
Feng-ts-ipsc,-0.039933491239764585,-0.03002904473794212,0.003241346331796038,-0.00913775092983722,-0.03772639811822896,0.00928877761593645,0.0030987624108610623,0.01706136729154493,-0.048411131083931316,1.0,2.3378528085941724e-05,-0.005648031169998386
Feng-GW-ipsc,-0.021788332412879384,-0.014760694287965935,0.010284787110833086,-0.003959715142093305,-0.035598949132116676,-0.01732325787942628,0.014530384244743835,-0.015554506477421428,-0.004824874051425622,2.3378528085941724e-05,1.0,0.0285092675988652
Nourreddine-GW-ipsc,-0.0028689532315209383,-0.004250141452048495,0.0005084691133486765,-0.0021415689692665385,-0.0009165228866900342,0.017329653399086063,0.029582841113752315,-0.014432905270146911,0.00401440345401558,-0.005648031169998386,0.0285092675988652,1.0
