dataset,essentiality_decile,mean_loading_percentile
Replogle-E-K562,1,0.374682580845059
Replogle-E-K562,2,0.38289338084236474
Replogle-E-K562,3,0.367913217434647
Replogle-E-K562,4,0.43246439074633747
Replogle-E-K562,5,0.4819247893414521
Replogle-E-K562,6,0.5226352693937211
Replogle-E-K562,7,0.5519739249461287
Replogle-E-K562,8,0.5785683975131851
Replogle-E-K562,9,0.6499195085644235
Replogle-E-K562,10,0.6661539295539864
Replogle-GW-K562,1,0.40639340029034776
Replogle-GW-K562,2,0.4085050829115443
Replogle-GW-K562,3,0.3988183063287975
Replogle-GW-K562,4,0.4210344302129613
Replogle-GW-K562,5,0.41516497631543414
Replogle-GW-K562,6,0.4428515767929799
Replogle-GW-K562,7,0.4863542462226042
Replogle-GW-K562,8,0.5557455012970755
Replogle-GW-K562,9,0.7026410061984055
Replogle-GW-K562,10,0.7700142178221532
Replogle-E-RPE1,1,0.34592966964873556
Replogle-E-RPE1,2,0.272888346694551
Replogle-E-RPE1,3,0.32244426371299845
Replogle-E-RPE1,4,0.3352032203609921
Replogle-E-RPE1,5,0.4472941920658895
Replogle-E-RPE1,6,0.549075042278249
Replogle-E-RPE1,7,0.6041845214907154
Replogle-E-RPE1,8,0.6528245743128978
Replogle-E-RPE1,9,0.6849528161832101
Replogle-E-RPE1,10,0.7570672639916894
Nadig-HepG2,1,0.34040377649400205
Nadig-HepG2,2,0.31968787515006003
Nadig-HepG2,3,0.34010057318327996
Nadig-HepG2,4,0.3503585217870932
Nadig-HepG2,5,0.4454138412121605
Nadig-HepG2,6,0.5438048144815062
Nadig-HepG2,7,0.5683851919146037
Nadig-HepG2,8,0.6044841834315519
Nadig-HepG2,9,0.6646215242853899
Nadig-HepG2,10,0.7596963109568152
Nadig-Jurkat,1,0.43283486707566465
Nadig-Jurkat,2,0.3625966924513203
Nadig-Jurkat,3,0.34491322761965426
Nadig-Jurkat,4,0.36233829021072284
Nadig-Jurkat,5,0.42879971392492766
Nadig-Jurkat,6,0.5376378145283186
Nadig-Jurkat,7,0.5753311994309593
Nadig-Jurkat,8,0.6045487053985495
Nadig-Jurkat,9,0.6480700408997955
Nadig-Jurkat,10,0.6591795456323265
Huang-HCT116,1,0.4489211891232219
Huang-HCT116,2,0.4439664295793448
Huang-HCT116,3,0.46278301107255
Huang-HCT116,4,0.4566617246990326
Huang-HCT116,5,0.445387285000572
Huang-HCT116,6,0.4581644165617889
Huang-HCT116,7,0.4744238078893508
Huang-HCT116,8,0.46902562195695563
Huang-HCT116,9,0.5696671243151163
Huang-HCT116,10,0.758031380251177
Huang-HEK293T,1,0.4836149544607271
Huang-HEK293T,2,0.49327853718661757
Huang-HEK293T,3,0.4855566428721341
Huang-HEK293T,4,0.4769363031102086
Huang-HEK293T,5,0.48367963102038336
Huang-HEK293T,6,0.4944409504902481
Huang-HEK293T,7,0.49194311000651647
Huang-HEK293T,8,0.5042112023951308
Huang-HEK293T,9,0.47866473699365025
Huang-HEK293T,10,0.6010256176843191
Pan-GP-H1,1,0.4289756550533942
Pan-GP-H1,2,0.46392703107120853
Pan-GP-H1,3,0.5134737259044099
Pan-GP-H1,4,0.56368497491418
Pan-GP-H1,5,0.6025371886277616
Pan-GP-H1,6,0.5861455857759
Pan-GP-H1,7,0.5265623624680926
Pan-GP-H1,8,0.4857538949036176
Pan-GP-H1,9,0.44360531643341256
Pan-GP-H1,10,0.396536396443975
VCC-H1,1,0.4785218312345534
VCC-H1,2,0.3511701608971234
VCC-H1,3,0.36177474402730375
VCC-H1,4,0.35836177474402725
VCC-H1,5,0.42844953681131154
VCC-H1,6,0.48617158997293164
VCC-H1,7,0.6001950268161872
VCC-H1,8,0.5292456160997999
VCC-H1,9,0.7397610921501706
VCC-H1,10,0.681496830814237
Feng-TS-iPSC,1,0.4471591270598715
Feng-TS-iPSC,2,0.425271998472991
Feng-TS-iPSC,3,0.4301711522555195
Feng-TS-iPSC,4,0.3781892218616784
Feng-TS-iPSC,5,0.462874594388242
Feng-TS-iPSC,6,0.5207736845453967
Feng-TS-iPSC,7,0.5661385760641344
Feng-TS-iPSC,8,0.5768276388623783
Feng-TS-iPSC,9,0.5587580327034422
Feng-TS-iPSC,10,0.6042836620086195
Feng-GW-iPSC,1,0.5716669044561754
Feng-GW-iPSC,2,0.532353006452022
Feng-GW-iPSC,3,0.5389502385821404
Feng-GW-iPSC,4,0.543020560866188
Feng-GW-iPSC,5,0.5017504478369081
Feng-GW-iPSC,6,0.5441644869295034
Feng-GW-iPSC,7,0.5036052060049777
Feng-GW-iPSC,8,0.46399644901000303
Feng-GW-iPSC,9,0.3993259460059289
Feng-GW-iPSC,10,0.4060853809720589
Nourreddine-iPSC,1,0.4598196403872753
Nourreddine-iPSC,2,0.4612562211109929
Nourreddine-iPSC,3,0.4714794528968803
Nourreddine-iPSC,4,0.4858111383007649
Nourreddine-iPSC,5,0.46626771268022993
Nourreddine-iPSC,6,0.45518659904717995
Nourreddine-iPSC,7,0.4889130738888692
Nourreddine-iPSC,8,0.5028979253112033
Nourreddine-iPSC,9,0.5704308082420115
Nourreddine-iPSC,10,0.6433060993486305
