dataset,n_original_rejections,display_dataset,n_unshifted_z_wilcoxon_max_p_rejections,n_global_trend_adjusted_rejections,unshifted_conjunction_percent_wilcoxon_kept,shifted_conjunction_percent_wilcoxon_kept
Replogle-E-k562,1075535,Replogle-E-K562,1001760,671828,93.14062303876675,62.464540902899486
Replogle-GW-k562,745127,Replogle-GW-K562,704879,499635,94.59850468443635,67.05367004550902
Replogle-E-rpe1,1554217,Replogle-E-RPE1,1487639,621305,95.71629959008298,39.975434575738134
Nadig-HEPG2,1002245,Nadig-HepG2,964206,493016,96.20462062669307,49.19116583270558
Nadig-JURKAT,736369,Nadig-Jurkat,655673,392250,89.04136377278239,53.268130516086366
Huang-HCT116,434789,Huang-HCT116,415075,257545,95.46584665205421,59.23447925315498
Huang-HEK293T,451287,Huang-HEK293T,439204,176405,97.32254640616725,39.089315668299776
Pan-GW-hESC,750241,Pan-GP-H1,608838,447193,81.15232305352546,59.6065797523729
VCC,750235,VCC-H1,722534,595768,96.30769025705278,79.41085126660313
Feng-ts,238827,Feng-TS-iPSC,234439,207447,98.16268679839382,86.86078207237875
