dataset_order,dataset,display_dataset,effect,effect_condition,response_breadth,n_perturbations,median_abs_effect_median,median_abs_effect_q25,median_abs_effect_q75
0,Huang-HEK293T,Huang-HEK293T,Total,total_original,Broad (≥20),1085,0.1071453839540481,0.0833057053387165,0.1439328044652938
0,Huang-HEK293T,Huang-HEK293T,Total,total_original,Low (1–10),2170,0.1370901763439178,0.09979088604450226,0.19540408253669733
0,Huang-HEK293T,Huang-HEK293T,Residual,residual_conjunction,Broad (≥20),1085,0.0995914575083996,0.0801969890849524,0.132949616223881
0,Huang-HEK293T,Huang-HEK293T,Residual,residual_conjunction,Low (1–10),2170,0.13252428172810454,0.0966362603645966,0.19482763459315414
1,Replogle-E-k562,Replogle-E-K562,Total,total_original,Broad (≥20),1155,0.1347645968198776,0.10494781285524366,0.17181114107370377
1,Replogle-E-k562,Replogle-E-K562,Total,total_original,Low (1–10),297,0.1853366494178772,0.1469918936491012,0.2642433643341064
1,Replogle-E-k562,Replogle-E-K562,Residual,residual_conjunction,Broad (≥20),1155,0.1371845366075412,0.1087147704464492,0.1693091014486326
1,Replogle-E-k562,Replogle-E-K562,Residual,residual_conjunction,Low (1–10),297,0.198758807534123,0.155396357028142,0.2782257265430026
2,Replogle-E-rpe1,Replogle-E-RPE1,Total,total_original,Broad (≥20),1490,0.1935125440359115,0.15350353531539437,0.251693494617939
2,Replogle-E-rpe1,Replogle-E-RPE1,Total,total_original,Low (1–10),145,0.2224657237529754,0.1629505641758442,0.2896661162376404
2,Replogle-E-rpe1,Replogle-E-RPE1,Residual,residual_conjunction,Broad (≥20),1490,0.17593766020991264,0.1445353925943178,0.21443595358428763
2,Replogle-E-rpe1,Replogle-E-RPE1,Residual,residual_conjunction,Low (1–10),145,0.2273839681332672,0.1663685783516105,0.305944696924727
3,Nadig-JURKAT,Nadig-Jurkat,Total,total_original,Broad (≥20),1298,0.18638121709227562,0.14596290513873095,0.23732665926218027
3,Nadig-JURKAT,Nadig-Jurkat,Total,total_original,Low (1–10),306,0.2545730471611023,0.19362896680831906,0.34828113019466395
3,Nadig-JURKAT,Nadig-Jurkat,Residual,residual_conjunction,Broad (≥20),1298,0.18440722576127874,0.14955035685065202,0.22950345512770692
3,Nadig-JURKAT,Nadig-Jurkat,Residual,residual_conjunction,Low (1–10),306,0.2597609232368619,0.2014986720077203,0.36224530202200117
4,Nadig-HEPG2,Nadig-HepG2,Total,total_original,Broad (≥20),1030,0.19640431180596352,0.15607649460434908,0.2432405445724725
4,Nadig-HEPG2,Nadig-HepG2,Total,total_original,Low (1–10),356,0.31380512565374374,0.22339596226811403,0.40270180255174637
4,Nadig-HEPG2,Nadig-HepG2,Residual,residual_conjunction,Broad (≥20),1030,0.18938436554298888,0.1529321405682737,0.23203816324021084
4,Nadig-HEPG2,Nadig-HepG2,Residual,residual_conjunction,Low (1–10),356,0.31318930915998006,0.2274632813657671,0.41633237873874446
5,Replogle-GW-k562,Replogle-GW-K562,Total,total_original,Broad (≥20),1952,0.13509881123900408,0.10955823957920068,0.1692262999713421
5,Replogle-GW-k562,Replogle-GW-K562,Total,total_original,Low (1–10),2053,0.1610635370016098,0.1210401654243469,0.224600076675415
5,Replogle-GW-k562,Replogle-GW-K562,Residual,residual_conjunction,Broad (≥20),1952,0.13062046827313578,0.10655476371927762,0.1645786697979022
5,Replogle-GW-k562,Replogle-GW-K562,Residual,residual_conjunction,Low (1–10),2053,0.1614926011067618,0.1223096941996463,0.2284927907235612
6,Huang-HCT116,Huang-HCT116,Total,total_original,Broad (≥20),1118,0.1376266926527023,0.1084395051002502,0.17973078973591322
6,Huang-HCT116,Huang-HCT116,Total,total_original,Low (1–10),2837,0.1749314814805984,0.1280693113803863,0.2430645227432251
6,Huang-HCT116,Huang-HCT116,Residual,residual_conjunction,Broad (≥20),1118,0.1345556554754671,0.10767321910085695,0.17149702952612245
6,Huang-HCT116,Huang-HCT116,Residual,residual_conjunction,Low (1–10),2837,0.1760670113542531,0.1290138983912791,0.2435519148923088
7,Pan-GW-hESC,Pan-GP-H1,Total,total_original,Broad (≥20),1146,0.0801762286573648,0.06158196181058875,0.1041038343682885
7,Pan-GW-hESC,Pan-GP-H1,Total,total_original,Low (1–10),314,0.13995707035064694,0.10617275303229688,0.17715299408882854
7,Pan-GW-hESC,Pan-GP-H1,Residual,residual_conjunction,Broad (≥20),1146,0.09879530498588425,0.07315676506991915,0.13244046221715844
7,Pan-GW-hESC,Pan-GP-H1,Residual,residual_conjunction,Low (1–10),314,0.15870793392144167,0.1261256220917551,0.20753115144759537
8,VCC,VCC-H1,Total,total_original,Broad (≥20),257,0.0300203952938318,0.0230252854526042,0.0412688646465539
8,VCC,VCC-H1,Total,total_original,Low (1–10),14,0.04341804236173625,0.03429707582108675,0.057691926602274124
8,VCC,VCC-H1,Residual,residual_conjunction,Broad (≥20),257,0.0316346556771719,0.0245660618322604,0.043199337165415
8,VCC,VCC-H1,Residual,residual_conjunction,Low (1–10),14,0.043399189980382405,0.032227489705950796,0.06516380964562399
9,Feng-ts,Feng-TS-iPSC,Total,total_original,Broad (≥20),244,0.03968716785311695,0.0348670943640172,0.044704814907163375
9,Feng-ts,Feng-TS-iPSC,Total,total_original,Low (1–10),106,0.05727776326239105,0.04957116954028605,0.06718915700912473
9,Feng-ts,Feng-TS-iPSC,Residual,residual_conjunction,Broad (≥20),244,0.038931975543117,0.03398711017803405,0.04469802974119968
9,Feng-ts,Feng-TS-iPSC,Residual,residual_conjunction,Low (1–10),106,0.056248003735774446,0.049560651221148805,0.06802328478931113
