dataset,raw_mean_cosine_with_VCC_H1,raw_mean_cosine_with_VCC_subsampled_H1,se_corrected_mean_cosine_with_VCC_H1,se_corrected_mean_cosine_with_VCC_subsampled_H1
Replogle-E-K562,0.20382042707267667,0.15555511187820165,0.26177209701311166,0.239196929332355
Replogle-GW-K562,0.19704905153515392,0.1514529146240045,0.23420361352809102,0.21578122246430925
Replogle-E-RPE1,0.18805645136245547,0.14627038228820996,0.22069047148557366,0.20301072065482642
Nadig-HepG2,0.17335907042172105,0.13267680944517,0.22013010455066495,0.20230852969203036
Nadig-Jurkat,0.17706474541195094,0.1389044129652904,0.21842264112513918,0.20292250097852163
Huang-HCT116,0.1705743167386347,0.13166497779957423,0.2218947492998422,0.20501602007130781
Huang-HEK293T,0.12877603201550153,0.09938959094479034,0.1641204232889961,0.14911360006541455
Pan-GP-H1,0.4627784541790309,0.3548362464685536,0.5883697629931857,0.5415310775739897
Feng-TS-iPSC,0.32687230326334465,0.29455359441463336,0.3647375824474647,0.35977130046916667
Feng-GW-iPSC,0.24465541960259526,0.19933092746912,0.325287647060456,0.3005022937415063
Nourreddine-iPSC,0.26340518367703325,0.20805011260441594,0.430232763571046,0.40309631671233825
