pair_group,dataset_1,dataset_2,total_cosine,residual_cosine,group_mean_total_cosine,group_mean_residual_cosine
Within non-pluripotent,Replogle-E-K562,Replogle-E-RPE1,0.317839584686,0.276941905917,0.33986926734910006,0.28168823655945
Within non-pluripotent,Replogle-E-K562,Nadig-HepG2,0.360599426349,0.297533097223,0.33986926734910006,0.28168823655945
Within non-pluripotent,Replogle-E-K562,Nadig-Jurkat,0.402291985546,0.347704571212,0.33986926734910006,0.28168823655945
Within non-pluripotent,Replogle-E-K562,Huang-HCT116,0.354814403986,0.31355086716,0.33986926734910006,0.28168823655945
Within non-pluripotent,Replogle-E-K562,Huang-HEK293T,0.329138283781,0.288729788081,0.33986926734910006,0.28168823655945
Within non-pluripotent,Replogle-GW-K562,Replogle-E-RPE1,0.34445903829,0.288229625878,0.33986926734910006,0.28168823655945
Within non-pluripotent,Replogle-GW-K562,Nadig-HepG2,0.373616871323,0.299966665373,0.33986926734910006,0.28168823655945
Within non-pluripotent,Replogle-GW-K562,Nadig-Jurkat,0.430072076618,0.36737591317,0.33986926734910006,0.28168823655945
Within non-pluripotent,Replogle-GW-K562,Huang-HCT116,0.294030542197,0.256294161516,0.33986926734910006,0.28168823655945
Within non-pluripotent,Replogle-GW-K562,Huang-HEK293T,0.287322335968,0.253563679288,0.33986926734910006,0.28168823655945
Within non-pluripotent,Replogle-E-RPE1,Nadig-HepG2,0.41923257221,0.29889615098,0.33986926734910006,0.28168823655945
Within non-pluripotent,Replogle-E-RPE1,Nadig-Jurkat,0.324206772203,0.274979895376,0.33986926734910006,0.28168823655945
Within non-pluripotent,Replogle-E-RPE1,Huang-HCT116,0.383611804268,0.289899521545,0.33986926734910006,0.28168823655945
Within non-pluripotent,Replogle-E-RPE1,Huang-HEK293T,0.232917547402,0.220930209554,0.33986926734910006,0.28168823655945
Within non-pluripotent,Nadig-HepG2,Nadig-Jurkat,0.329847548537,0.257833935288,0.33986926734910006,0.28168823655945
Within non-pluripotent,Nadig-HepG2,Huang-HCT116,0.373321101719,0.273054960878,0.33986926734910006,0.28168823655945
Within non-pluripotent,Nadig-HepG2,Huang-HEK293T,0.257451118504,0.218041907995,0.33986926734910006,0.28168823655945
Within non-pluripotent,Nadig-Jurkat,Huang-HCT116,0.32308268474,0.269501333653,0.33986926734910006,0.28168823655945
Within non-pluripotent,Nadig-Jurkat,Huang-HEK293T,0.322408179015,0.259021422526,0.33986926734910006,0.28168823655945
Within non-pluripotent,Huang-HCT116,Huang-HEK293T,0.33712146964,0.281715118576,0.33986926734910006,0.28168823655945
Within pluripotent,Pan-GP-H1,Feng-TS-iPSC,0.359055550645,0.405991463429,0.3374707779505,0.3355398573555
Within pluripotent,Pan-GP-H1,Feng-GW-iPSC,0.308461612037,0.295087673895,0.3374707779505,0.3355398573555
Within pluripotent,Pan-GP-H1,Nourreddine-iPSC,0.406870749736,0.364828053952,0.3374707779505,0.3355398573555
Within pluripotent,VCC-H1,Feng-TS-iPSC,0.364737582447,0.396796827601,0.3374707779505,0.3355398573555
Within pluripotent,VCC-H1,Feng-GW-iPSC,0.32528764706,0.314434209729,0.3374707779505,0.3355398573555
Within pluripotent,VCC-H1,Nourreddine-iPSC,0.430232763571,0.41017571766,0.3374707779505,0.3355398573555
Within pluripotent,Feng-TS-iPSC,Nourreddine-iPSC,0.284895507032,0.272746233486,0.3374707779505,0.3355398573555
Within pluripotent,Feng-GW-iPSC,Nourreddine-iPSC,0.220224811076,0.224258679092,0.3374707779505,0.3355398573555
Between,Replogle-E-K562,Pan-GP-H1,0.301643547114,0.266878152606,0.22118645948614288,0.22012569848162858
Between,Replogle-E-K562,VCC-H1,0.261772097013,0.247757956865,0.22118645948614288,0.22012569848162858
Between,Replogle-E-K562,Feng-TS-iPSC,0.262233469179,0.298683529498,0.22118645948614288,0.22012569848162858
Between,Replogle-E-K562,Feng-GW-iPSC,0.223324772216,0.220379343841,0.22118645948614288,0.22012569848162858
Between,Replogle-E-K562,Nourreddine-iPSC,0.188195454303,0.166409478755,0.22118645948614288,0.22012569848162858
Between,Replogle-GW-K562,Pan-GP-H1,0.324313311284,0.277498715688,0.22118645948614288,0.22012569848162858
Between,Replogle-GW-K562,VCC-H1,0.234203613528,0.220742379722,0.22118645948614288,0.22012569848162858
Between,Replogle-GW-K562,Feng-TS-iPSC,0.216477123259,0.269576646085,0.22118645948614288,0.22012569848162858
Between,Replogle-GW-K562,Feng-GW-iPSC,0.198349629279,0.193357089087,0.22118645948614288,0.22012569848162858
Between,Replogle-GW-K562,Nourreddine-iPSC,0.203375661636,0.182012799422,0.22118645948614288,0.22012569848162858
Between,Replogle-E-RPE1,Pan-GP-H1,0.287956514825,0.280420820111,0.22118645948614288,0.22012569848162858
Between,Replogle-E-RPE1,VCC-H1,0.220690471486,0.204267134722,0.22118645948614288,0.22012569848162858
Between,Replogle-E-RPE1,Feng-TS-iPSC,0.202749532965,0.255533063707,0.22118645948614288,0.22012569848162858
Between,Replogle-E-RPE1,Feng-GW-iPSC,0.185125939126,0.192651068953,0.22118645948614288,0.22012569848162858
Between,Replogle-E-RPE1,Nourreddine-iPSC,0.190398379005,0.177594071322,0.22118645948614288,0.22012569848162858
Between,Nadig-HepG2,Pan-GP-H1,0.285137357846,0.241966121071,0.22118645948614288,0.22012569848162858
Between,Nadig-HepG2,VCC-H1,0.220130104551,0.203138283291,0.22118645948614288,0.22012569848162858
Between,Nadig-HepG2,Feng-TS-iPSC,0.207584747207,0.237261204022,0.22118645948614288,0.22012569848162858
Between,Nadig-HepG2,Feng-GW-iPSC,0.197253985309,0.194801339789,0.22118645948614288,0.22012569848162858
Between,Nadig-HepG2,Nourreddine-iPSC,0.17691991914,0.166873137709,0.22118645948614288,0.22012569848162858
Between,Nadig-Jurkat,Pan-GP-H1,0.281969999344,0.254827806874,0.22118645948614288,0.22012569848162858
Between,Nadig-Jurkat,VCC-H1,0.218422641125,0.197815655694,0.22118645948614288,0.22012569848162858
Between,Nadig-Jurkat,Feng-TS-iPSC,0.179964837294,0.238030333672,0.22118645948614288,0.22012569848162858
Between,Nadig-Jurkat,Feng-GW-iPSC,0.182003788498,0.183949499482,0.22118645948614288,0.22012569848162858
Between,Nadig-Jurkat,Nourreddine-iPSC,0.182911431364,0.170017998365,0.22118645948614288,0.22012569848162858
Between,Huang-HCT116,Pan-GP-H1,0.266192062903,0.277272948974,0.22118645948614288,0.22012569848162858
Between,Huang-HCT116,VCC-H1,0.2218947493,0.209026647109,0.22118645948614288,0.22012569848162858
Between,Huang-HCT116,Feng-TS-iPSC,0.315949078083,0.314374881195,0.22118645948614288,0.22012569848162858
Between,Huang-HCT116,Feng-GW-iPSC,0.199306558684,0.19804926154,0.22118645948614288,0.22012569848162858
Between,Huang-HCT116,Nourreddine-iPSC,0.162023293583,0.153669720401,0.22118645948614288,0.22012569848162858
Between,Huang-HEK293T,Pan-GP-H1,0.238585367963,0.253355164855,0.22118645948614288,0.22012569848162858
Between,Huang-HEK293T,VCC-H1,0.164120423289,0.163948480598,0.22118645948614288,0.22012569848162858
Between,Huang-HEK293T,Feng-TS-iPSC,0.226633967925,0.251009790636,0.22118645948614288,0.22012569848162858
Between,Huang-HEK293T,Feng-GW-iPSC,0.16600261125,0.189741707904,0.22118645948614288,0.22012569848162858
Between,Huang-HEK293T,Nourreddine-iPSC,0.147709641139,0.151507213292,0.22118645948614288,0.22012569848162858
