dataset,Replogle-E-K562,Replogle-GW-K562,Replogle-E-RPE1,Nadig-HepG2,Nadig-Jurkat,Huang-HCT116,Huang-HEK293T,VCC-H1,Feng-TS-iPSC,Feng-GW-iPSC,Nourreddine-iPSC
Replogle-E-K562,,0.6896972314139699,0.6301246397336937,0.7642395405065531,0.6023509917811961,0.6284344750388744,0.5567172710491232,0.3187926521387082,0.6452368249997378,0.2622340929921069,0.09327045177395703
Replogle-GW-K562,0.6896972314139699,,0.35063986408727704,0.4553447220339862,0.6247836543138267,0.6037730336732894,0.4816691480009308,0.7248028900049838,0.45257538949730763,0.28282608029934436,0.2910740659076398
Replogle-E-RPE1,0.6301246397336937,0.35063986408727704,,0.696555128603334,0.5118147178183319,0.4993159296698139,0.40996600942625994,0.40617976611525397,0.3824930164593539,0.09160246134415956,-0.04519123191508057
Nadig-HepG2,0.7642395405065531,0.4553447220339862,0.696555128603334,,0.5882837211177491,0.6394067105021869,0.5250929955583578,0.2740194999814492,0.4841891296711246,0.18767807767968497,0.061031694499350135
Nadig-Jurkat,0.6023509917811961,0.6247836543138267,0.5118147178183319,0.5882837211177491,,0.5092157889360654,0.5030877851694485,0.5579486287765802,0.37013402957702557,0.19566499819347477,0.14864652018920588
Huang-HCT116,0.6284344750388744,0.6037730336732894,0.4993159296698139,0.6394067105021869,0.5092157889360654,,0.6028213140515947,0.5322862706937894,0.6033809212157188,0.2517407195715436,0.2211344890438269
Huang-HEK293T,0.5567172710491232,0.4816691480009308,0.40996600942625994,0.5250929955583578,0.5030877851694485,0.6028213140515947,,0.3941569689194956,0.4558867486651595,0.24257212862442862,0.21085308004348086
VCC-H1,0.3187926521387082,0.7248028900049838,0.40617976611525397,0.2740194999814492,0.5579486287765802,0.5322862706937894,0.3941569689194956,,0.625,0.3795602928797185,0.5473850451660162
Feng-TS-iPSC,0.6452368249997378,0.45257538949730763,0.3824930164593539,0.4841891296711246,0.37013402957702557,0.6033809212157188,0.4558867486651595,0.625,,0.6155183118883049,0.2693336296432326
Feng-GW-iPSC,0.2622340929921069,0.28282608029934436,0.09160246134415956,0.18767807767968497,0.19566499819347477,0.2517407195715436,0.24257212862442862,0.3795602928797185,0.6155183118883049,,0.2532873387961717
Nourreddine-iPSC,0.09327045177395703,0.2910740659076398,-0.04519123191508057,0.061031694499350135,0.14864652018920588,0.2211344890438269,0.21085308004348086,0.5473850451660162,0.2693336296432326,0.2532873387961717,
