display_dataset,complex,circle,n_measured_perturbations,bubble_area_pt2,top5_enrichment,log2_top5_enrichment,log2_enrichment_color
Replogle-E-K562,Mediator,colored,19,85.56479026640183,1.3652061514352245,0.4491188201537954,0.4491188201537954
Replogle-E-K562,SAGA,colored,4,39.25981830489456,2.6054364527694447,1.3815250675146489,1.3815250675146489
Replogle-E-K562,TFIID,colored,7,51.93585787616619,2.2797927461139897,1.1889026762565793,1.1889026762565793
Replogle-E-K562,TFIIH,colored,8,55.52176750308537,3.0951268357810413,1.6299985311206284,1.6299985311206284
Replogle-E-K562,BAF,gray (no complex-specific gene),4,39.25981830489456,,,
Replogle-E-K562,Cohesin,colored,4,39.25981830489456,3.55638665132336,1.8304121828916695,1.8304121828916695
Replogle-E-K562,Condensin I,colored,5,43.89381125701739,0.0,-inf,-3.0
Replogle-E-K562,APC/C,gray (no complex-specific gene),7,51.93585787616619,,,
Replogle-E-K562,MCM,colored,6,48.08326112068523,3.56125,1.8323837165491264,1.8323837165491264
Replogle-E-K562,ORC,colored,5,43.89381125701739,14.04375,3.811856314292545,3.0
Replogle-E-K562,Fanconi,gray (no complex-specific gene),3,34.0,,,
Replogle-E-K562,Integrator,colored,9,58.88972745734183,1.957089877683736,0.9687100120256084,0.9687100120256084
Replogle-E-K562,LSM2-8,colored,6,48.08326112068523,1.804899011602922,0.8519181171481363,0.8519181171481363
Replogle-E-K562,SMN,colored,7,51.93585787616619,1.216306928261522,0.2825073307605799,0.2825073307605799
Replogle-E-K562,Exosome,colored,10,62.07522318391882,1.9984305309185408,0.9988674229253562,0.9988674229253562
Replogle-E-K562,eIF3,colored,5,43.89381125701739,5.232402511566423,2.3874735269033653,2.3874735269033653
Replogle-E-K562,eIF2B,colored,5,43.89381125701739,1.7001411764705885,0.7656545499732123,0.7656545499732123
Replogle-E-K562,20S proteasome,colored,14,73.44839458195575,3.0243714065047627,1.5966353199228345,1.5966353199228345
Replogle-E-K562,CCT,colored,8,55.52176750308537,1.6152129259047496,0.6917243611411523,0.6917243611411523
Replogle-E-K562,COP9,colored,7,51.93585787616619,2.318383838383838,1.21311944291433,1.21311944291433
Replogle-E-K562,Exocyst,colored,5,43.89381125701739,0.0,-inf,-3.0
Replogle-E-K562,ARP2/3,gray (no complex-specific gene),5,43.89381125701739,,,
Replogle-E-K562,TRAPP,gray (no complex-specific gene),6,48.08326112068523,,,
Replogle-E-K562,γ-TuRC,gray (no complex-specific gene),4,39.25981830489456,,,
Replogle-E-K562,MitoRibo,colored,59,150.78019321736747,3.157535635474444,1.6587990161449415,1.6587990161449415
Replogle-E-K562,Respiratory complex I,gray (no complex-specific gene),14,73.44839458195575,,,
Replogle-GW-K562,Mediator,colored,27,102.0,3.4235205727670484,1.775480681961178,1.775480681961178
Replogle-GW-K562,SAGA,colored,13,70.77664398184851,0.3588875205254515,-1.4783963372086162,-1.4783963372086162
Replogle-GW-K562,TFIID,colored,11,65.10504332743099,1.929363970458735,0.9481253304494216,0.9481253304494216
Replogle-GW-K562,TFIIH,colored,10,62.07522318391882,2.2634486352680607,1.178522567692507,1.178522567692507
Replogle-GW-K562,BAF,colored,11,65.10504332743099,2.9835972850678734,1.5770528190904782,1.5770528190904782
Replogle-GW-K562,Cohesin,colored,6,48.08326112068523,5.639883598738987,2.495665387224252,2.495665387224252
Replogle-GW-K562,Condensin I,gray (no complex-specific gene),5,43.89381125701739,,,
Replogle-GW-K562,APC/C,gray (no complex-specific gene),6,48.08326112068523,,,
Replogle-GW-K562,MCM,colored,6,48.08326112068523,2.328523328523328,1.2194153360024858,1.2194153360024858
Replogle-GW-K562,ORC,colored,6,48.08326112068523,4.4734375,2.161383860111991,2.161383860111991
Replogle-GW-K562,Fanconi,gray (no complex-specific gene),9,58.88972745734183,,,
Replogle-GW-K562,Integrator,colored,12,68.0,3.611010968195289,1.8524028023793029,1.8524028023793029
Replogle-GW-K562,LSM2-8,colored,6,48.08326112068523,2.185041072200605,1.1276603983085844,1.1276603983085844
Replogle-GW-K562,SMN,colored,8,55.52176750308537,4.567117585848076,2.191283934085893,2.191283934085893
Replogle-GW-K562,Exosome,colored,10,62.07522318391882,1.7173178720165558,0.7801571039510249,0.7801571039510249
Replogle-GW-K562,eIF3,colored,5,43.89381125701739,6.345541990381058,2.6657433939230777,2.6657433939230777
Replogle-GW-K562,eIF2B,colored,5,43.89381125701739,1.867337041509135,0.900982347611753,0.900982347611753
Replogle-GW-K562,Multisynthetase,gray (no complex-specific gene),3,34.0,,,
Replogle-GW-K562,20S proteasome,colored,13,70.77664398184851,5.211111111111111,2.381591016185702,2.381591016185702
Replogle-GW-K562,CCT,colored,8,55.52176750308537,1.4812264518643623,0.5667922186194706,0.5667922186194706
Replogle-GW-K562,COP9,colored,8,55.52176750308537,2.1860503237439555,1.1283266128031275,1.1283266128031275
Replogle-GW-K562,Exocyst,colored,6,48.08326112068523,3.085714285714286,1.625604485218502,1.625604485218502
Replogle-GW-K562,ARP2/3,gray (no complex-specific gene),7,51.93585787616619,,,
Replogle-GW-K562,TRAPP,gray (no complex-specific gene),12,68.0,,,
Replogle-GW-K562,γ-TuRC,gray (no complex-specific gene),4,39.25981830489456,,,
Replogle-GW-K562,MitoRibo,colored,75,170.0,2.306865991323258,1.2059341985294532,1.2059341985294532
Replogle-GW-K562,Respiratory complex I,colored,37,119.40407586566437,11.9443413729128,3.5782553987251724,3.0
Replogle-E-RPE1,Mediator,colored,13,70.77664398184851,3.0323873023365597,1.6004540290617295,1.6004540290617295
Replogle-E-RPE1,SAGA,colored,4,39.25981830489456,2.706716417910448,1.4365437446251452,1.4365437446251452
Replogle-E-RPE1,TFIID,colored,5,43.89381125701739,3.378777652793401,1.756501414199009,1.756501414199009
Replogle-E-RPE1,TFIIH,colored,8,55.52176750308537,2.112922190893275,1.0792396404960931,1.0792396404960931
Replogle-E-RPE1,BAF,colored,4,39.25981830489456,4.084388185654008,2.0301199883763354,2.0301199883763354
Replogle-E-RPE1,Cohesin,colored,4,39.25981830489456,5.730099502487563,2.518560191425282,2.518560191425282
Replogle-E-RPE1,Condensin I,colored,5,43.89381125701739,0.0,-inf,-3.0
Replogle-E-RPE1,APC/C,colored,5,43.89381125701739,6.661290322580645,2.73580166103257,2.73580166103257
Replogle-E-RPE1,MCM,colored,6,48.08326112068523,2.3210305398755247,1.2147655056367688,1.2147655056367688
Replogle-E-RPE1,ORC,gray (no complex-specific gene),5,43.89381125701739,,,
Replogle-E-RPE1,Fanconi,gray (no complex-specific gene),3,34.0,,,
Replogle-E-RPE1,Integrator,colored,9,58.88972745734183,3.639118457300276,1.863589013251077,1.863589013251077
Replogle-E-RPE1,LSM2-8,colored,6,48.08326112068523,1.7010491494098692,0.766424826236738,0.766424826236738
Replogle-E-RPE1,SMN,colored,8,55.52176750308537,1.5587579135237066,0.6403968843676491,0.6403968843676491
Replogle-E-RPE1,Exosome,colored,8,55.52176750308537,2.276056338028169,1.1865362683597505,1.1865362683597505
Replogle-E-RPE1,eIF3,colored,4,39.25981830489456,1.859513037902536,0.894924863384905,0.894924863384905
Replogle-E-RPE1,eIF2B,colored,5,43.89381125701739,1.0175404099154568,0.0250860898497431,0.0250860898497431
Replogle-E-RPE1,20S proteasome,colored,13,70.77664398184851,1.048701558837842,0.0686041718679944,0.0686041718679944
Replogle-E-RPE1,CCT,colored,7,51.93585787616619,2.698481623185126,1.4321478625078978,1.4321478625078978
Replogle-E-RPE1,COP9,colored,7,51.93585787616619,2.100295756033461,1.0705924972814962,1.0705924972814962
Replogle-E-RPE1,Exocyst,colored,6,48.08326112068523,4.038888888888889,2.0139584575899194,2.0139584575899194
Replogle-E-RPE1,ARP2/3,colored,6,48.08326112068523,5.305832147937411,2.407579036070065,2.407579036070065
Replogle-E-RPE1,TRAPP,colored,6,48.08326112068523,1.0373044346270546,0.0528393675068796,0.0528393675068796
Replogle-E-RPE1,γ-TuRC,colored,5,43.89381125701739,2.0391156462585034,1.027943598577859,1.027943598577859
Replogle-E-RPE1,MitoRibo,colored,66,159.4741358339966,5.652794485055982,2.4989642468287725,2.4989642468287725
Replogle-E-RPE1,Respiratory complex I,gray (no complex-specific gene),16,78.51963660978912,,,
Nadig-HepG2,Mediator,colored,14,73.44839458195575,2.5132037226212787,1.3295276221548282,1.3295276221548282
Nadig-HepG2,SAGA,colored,4,39.25981830489456,0.9650860117700316,-0.0512705688545082,-0.0512705688545082
Nadig-HepG2,TFIID,colored,8,55.52176750308537,1.7346626303632675,0.7946551044004597,0.7946551044004597
Nadig-HepG2,TFIIH,colored,8,55.52176750308537,0.6683760683760683,-0.5812680171634147,-0.5812680171634147
Nadig-HepG2,BAF,gray (no complex-specific gene),3,34.0,,,
Nadig-HepG2,Cohesin,colored,4,39.25981830489456,13.613839285714285,3.767002078508285,3.0
Nadig-HepG2,Condensin I,gray (no complex-specific gene),5,43.89381125701739,,,
Nadig-HepG2,APC/C,colored,6,48.08326112068523,1.893939393939394,0.9213901653036336,0.9213901653036336
Nadig-HepG2,MCM,colored,6,48.08326112068523,4.313725490196079,2.1089343715531643,2.1089343715531643
Nadig-HepG2,ORC,gray (no complex-specific gene),3,34.0,,,
Nadig-HepG2,Fanconi,gray (no complex-specific gene),3,34.0,,,
Nadig-HepG2,Integrator,colored,8,55.52176750308537,3.2013899673862403,1.678698425008116,1.678698425008116
Nadig-HepG2,LSM2-8,colored,6,48.08326112068523,1.770577417582855,0.8242199262032907,0.8242199262032907
Nadig-HepG2,SMN,colored,7,51.93585787616619,1.2344741775469912,0.3038966588261534,0.3038966588261534
Nadig-HepG2,Exosome,colored,9,58.88972745734183,1.941492185967436,0.9571659007623754,0.9571659007623754
Nadig-HepG2,eIF3,colored,4,39.25981830489456,0.7612833061446439,-0.3934946525796087,-0.3934946525796087
Nadig-HepG2,eIF2B,colored,5,43.89381125701739,0.9531013615733736,-0.0692984431204128,-0.0692984431204128
Nadig-HepG2,20S proteasome,colored,13,70.77664398184851,2.027573230006944,1.0197540213032044,1.0197540213032044
Nadig-HepG2,CCT,colored,7,51.93585787616619,1.7191034557635445,0.7816563689147727,0.7816563689147727
Nadig-HepG2,COP9,colored,7,51.93585787616619,2.922907675382923,1.5474042600810871,1.5474042600810871
Nadig-HepG2,Exocyst,gray (no complex-specific gene),6,48.08326112068523,,,
Nadig-HepG2,ARP2/3,gray (no complex-specific gene),5,43.89381125701739,,,
Nadig-HepG2,TRAPP,colored,6,48.08326112068523,0.0,-inf,-3.0
Nadig-HepG2,γ-TuRC,gray (no complex-specific gene),5,43.89381125701739,,,
Nadig-HepG2,MitoRibo,colored,59,150.78019321736747,10.298240497715565,3.364325962193068,3.0
Nadig-HepG2,Respiratory complex I,colored,13,70.77664398184851,8.409150326797386,3.071960035766625,3.0
Nadig-Jurkat,Mediator,colored,24,96.16652224137046,2.934495264960709,1.5531123802150009,1.5531123802150009
Nadig-Jurkat,SAGA,colored,7,51.93585787616619,0.9123881300047104,-0.1322804173021239,-0.1322804173021239
Nadig-Jurkat,TFIID,colored,8,55.52176750308537,0.8891282676845185,-0.1695365343207679,-0.1695365343207679
Nadig-Jurkat,TFIIH,colored,8,55.52176750308537,1.688888888888889,0.756074417113911,0.756074417113911
Nadig-Jurkat,BAF,colored,4,39.25981830489456,6.998327759197324,2.807010233239601,2.807010233239601
Nadig-Jurkat,Cohesin,gray (no complex-specific gene),3,34.0,,,
Nadig-Jurkat,Condensin I,gray (no complex-specific gene),5,43.89381125701739,,,
Nadig-Jurkat,APC/C,gray (no complex-specific gene),3,34.0,,,
Nadig-Jurkat,MCM,colored,6,48.08326112068523,2.171792202876609,1.118886072653865,1.118886072653865
Nadig-Jurkat,ORC,gray (no complex-specific gene),5,43.89381125701739,,,
Nadig-Jurkat,Fanconi,gray (no complex-specific gene),3,34.0,,,
Nadig-Jurkat,Integrator,colored,11,65.10504332743099,2.2473541559112027,1.1682274937727235,1.1682274937727235
Nadig-Jurkat,LSM2-8,colored,5,43.89381125701739,2.772821576763486,1.4713547860131166,1.4713547860131166
Nadig-Jurkat,SMN,colored,8,55.52176750308537,0.3397199705232129,-1.5575820649895162,-1.5575820649895162
Nadig-Jurkat,Exosome,colored,9,58.88972745734183,1.742133621758933,0.8008552829814582,0.8008552829814582
Nadig-Jurkat,eIF3,colored,4,39.25981830489456,1.612403100775194,0.6892124627178382,0.6892124627178382
Nadig-Jurkat,eIF2B,colored,5,43.89381125701739,1.5276064446188928,0.6112729114831883,0.6112729114831883
Nadig-Jurkat,20S proteasome,gray (no complex-specific gene),9,58.88972745734183,,,
Nadig-Jurkat,CCT,gray (no complex-specific gene),6,48.08326112068523,,,
Nadig-Jurkat,COP9,colored,7,51.93585787616619,3.1122262773722627,1.6379469566528773,1.6379469566528773
Nadig-Jurkat,Exocyst,gray (no complex-specific gene),7,51.93585787616619,,,
Nadig-Jurkat,ARP2/3,gray (no complex-specific gene),5,43.89381125701739,,,
Nadig-Jurkat,TRAPP,gray (no complex-specific gene),6,48.08326112068523,,,
Nadig-Jurkat,γ-TuRC,gray (no complex-specific gene),5,43.89381125701739,,,
Nadig-Jurkat,MitoRibo,colored,68,161.87237771363792,4.520379818594105,2.176443998167149,2.176443998167149
Nadig-Jurkat,Respiratory complex I,colored,15,76.02631123499285,0.0,-inf,-3.0
Huang-HCT116,Mediator,colored,24,96.16652224137046,3.2142260113674355,1.6844713770574724,1.6844713770574724
Huang-HCT116,SAGA,colored,17,80.93618885681896,2.6790697674418604,1.421732151852852,1.421732151852852
Huang-HCT116,TFIID,colored,12,68.0,2.3930270520906776,1.2588367059848402,1.2588367059848402
Huang-HCT116,TFIIH,colored,10,62.07522318391882,5.214285714285714,2.382469636822413,2.382469636822413
Huang-HCT116,BAF,colored,11,65.10504332743099,10.137931034482758,3.341691349708792,3.0
Huang-HCT116,Cohesin,gray (no complex-specific gene),5,43.89381125701739,,,
Huang-HCT116,APC/C,gray (no complex-specific gene),8,55.52176750308537,,,
Huang-HCT116,MCM,gray (no complex-specific gene),5,43.89381125701739,,,
Huang-HCT116,ORC,gray (no complex-specific gene),6,48.08326112068523,,,
Huang-HCT116,Fanconi,gray (no complex-specific gene),8,55.52176750308537,,,
Huang-HCT116,Integrator,colored,12,68.0,3.264147465437788,1.7067062358786618,1.7067062358786618
Huang-HCT116,LSM2-8,colored,5,43.89381125701739,3.6875981161695446,1.8826814357558963,1.8826814357558963
Huang-HCT116,SMN,colored,6,48.08326112068523,0.5026315789473684,-0.9924267802951992,-0.9924267802951992
Huang-HCT116,Exosome,colored,10,62.07522318391882,1.9251610198501925,0.9449791174045424,0.9449791174045424
Huang-HCT116,eIF2B,colored,5,43.89381125701739,1.8606549941032384,0.895810573162118,0.895810573162118
Huang-HCT116,Multisynthetase,colored,11,65.10504332743099,5.19482437326395,2.3770749752884544,2.3770749752884544
Huang-HCT116,20S proteasome,colored,12,68.0,4.064622411921076,2.0231213376015256,2.0231213376015256
Huang-HCT116,CCT,colored,7,51.93585787616619,3.458333333333333,1.790076930625769,1.790076930625769
Huang-HCT116,COP9,colored,8,55.52176750308537,2.2962962962962963,1.199308808223407,1.199308808223407
Huang-HCT116,Exocyst,gray (no complex-specific gene),6,48.08326112068523,,,
Huang-HCT116,ARP2/3,gray (no complex-specific gene),7,51.93585787616619,,,
Huang-HCT116,TRAPP,gray (no complex-specific gene),10,62.07522318391882,,,
Huang-HCT116,γ-TuRC,gray (no complex-specific gene),5,43.89381125701739,,,
Huang-HCT116,MitoRibo,colored,71,165.40455455236614,2.7115384615384617,1.4391116342577015,1.4391116342577015
Huang-HCT116,Respiratory complex I,gray (no complex-specific gene),34,114.46105596810355,,,
Huang-HEK293T,Mediator,colored,25,98.14954576223637,3.918690005646527,1.970371450713709,1.970371450713709
Huang-HEK293T,SAGA,gray (no complex-specific gene),17,80.93618885681896,,,
Huang-HEK293T,TFIID,colored,12,68.0,2.966814419644608,1.5689146860928849,1.5689146860928849
Huang-HEK293T,TFIIH,colored,10,62.07522318391882,4.13135593220339,2.046615359275132,2.046615359275132
Huang-HEK293T,BAF,gray (no complex-specific gene),12,68.0,,,
Huang-HEK293T,Cohesin,gray (no complex-specific gene),5,43.89381125701739,,,
Huang-HEK293T,Condensin I,gray (no complex-specific gene),4,39.25981830489456,,,
Huang-HEK293T,APC/C,gray (no complex-specific gene),7,51.93585787616619,,,
Huang-HEK293T,MCM,gray (no complex-specific gene),5,43.89381125701739,,,
Huang-HEK293T,ORC,gray (no complex-specific gene),5,43.89381125701739,,,
Huang-HEK293T,Fanconi,gray (no complex-specific gene),9,58.88972745734183,,,
Huang-HEK293T,Integrator,colored,10,62.07522318391882,8.023923444976077,3.004307841483464,3.0
Huang-HEK293T,LSM2-8,gray (no complex-specific gene),4,39.25981830489456,,,
Huang-HEK293T,SMN,gray (no complex-specific gene),6,48.08326112068523,,,
Huang-HEK293T,Exosome,colored,9,58.88972745734183,2.12694612332558,1.0887834895301611,1.0887834895301611
Huang-HEK293T,eIF2B,colored,5,43.89381125701739,2.3937989628158447,1.2593019962550078,1.2593019962550078
Huang-HEK293T,Multisynthetase,colored,11,65.10504332743099,5.247926267281106,2.391747450410424,2.391747450410424
Huang-HEK293T,20S proteasome,colored,10,62.07522318391882,5.208333333333333,2.380821783940931,2.380821783940931
Huang-HEK293T,CCT,gray (no complex-specific gene),4,39.25981830489456,,,
Huang-HEK293T,COP9,colored,8,55.52176750308537,2.7025,1.4342946179599256,1.4342946179599256
Huang-HEK293T,Exocyst,gray (no complex-specific gene),8,55.52176750308537,,,
Huang-HEK293T,ARP2/3,gray (no complex-specific gene),7,51.93585787616619,,,
Huang-HEK293T,TRAPP,gray (no complex-specific gene),13,70.77664398184851,,,
Huang-HEK293T,γ-TuRC,gray (no complex-specific gene),4,39.25981830489456,,,
Huang-HEK293T,MitoRibo,colored,71,165.40455455236614,2.3362537764350453,1.2241969960152526,1.2241969960152526
Huang-HEK293T,Respiratory complex I,gray (no complex-specific gene),35,116.13210868087543,,,
Pan-GP-H1,Mediator,colored,20,87.78762251403478,0.0,-inf,-3.0
Pan-GP-H1,SAGA,colored,8,55.52176750308537,2.418965517241379,1.2743902036049646,1.2743902036049646
Pan-GP-H1,TFIID,colored,11,65.10504332743099,1.926345740396261,0.9458666612241198,0.9458666612241198
Pan-GP-H1,TFIIH,colored,9,58.88972745734183,8.16470588235294,3.029400916440559,3.0
Pan-GP-H1,BAF,colored,5,43.89381125701739,2.613790349504776,1.386143428103664,1.386143428103664
Pan-GP-H1,Cohesin,colored,5,43.89381125701739,5.805960684844641,2.537534802765176,2.537534802765176
Pan-GP-H1,Condensin I,gray (no complex-specific gene),5,43.89381125701739,,,
Pan-GP-H1,APC/C,gray (no complex-specific gene),5,43.89381125701739,,,
Pan-GP-H1,MCM,gray (no complex-specific gene),6,48.08326112068523,,,
Pan-GP-H1,ORC,colored,5,43.89381125701739,0.0,-inf,-3.0
Pan-GP-H1,Fanconi,colored,9,58.88972745734183,0.0,-inf,-3.0
Pan-GP-H1,Integrator,colored,7,51.93585787616619,2.9837962962962963,1.5771490461981823,1.5771490461981823
Pan-GP-H1,LSM2-8,gray (no complex-specific gene),6,48.08326112068523,,,
Pan-GP-H1,SMN,colored,8,55.52176750308537,19.054736842105264,4.252077778649548,3.0
Pan-GP-H1,Exosome,colored,10,62.07522318391882,4.984756097560976,2.3175229157673614,2.3175229157673614
Pan-GP-H1,eIF3,colored,5,43.89381125701739,2.697091539806772,1.4314044877522738,1.4314044877522738
Pan-GP-H1,eIF2B,gray (no complex-specific gene),4,39.25981830489456,,,
Pan-GP-H1,20S proteasome,gray (no complex-specific gene),12,68.0,,,
Pan-GP-H1,CCT,gray (no complex-specific gene),7,51.93585787616619,,,
Pan-GP-H1,COP9,colored,7,51.93585787616619,6.694444444444445,2.7429643347876493,2.7429643347876493
Pan-GP-H1,Exocyst,gray (no complex-specific gene),6,48.08326112068523,,,
Pan-GP-H1,ARP2/3,colored,4,39.25981830489456,2.447735191637631,1.2914474884326008,1.2914474884326008
Pan-GP-H1,TRAPP,colored,6,48.08326112068523,0.0,-inf,-3.0
Pan-GP-H1,γ-TuRC,gray (no complex-specific gene),4,39.25981830489456,,,
Pan-GP-H1,MitoRibo,colored,72,166.5653025092561,2.6054667354306345,1.3815418356807598,1.3815418356807598
Pan-GP-H1,Respiratory complex I,colored,28,103.87171575233238,1.9412191582002905,0.9569630034715804,0.9569630034715804
VCC-H1,Mediator,colored,9,58.88972745734183,1.156801503753331,0.210141332795914,0.210141332795914
VCC-H1,BAF,colored,4,39.25981830489456,0.5542858195366852,-0.8512979956979652,-0.8512979956979652
VCC-H1,Respiratory complex I,colored,4,39.25981830489456,0.7521243455710861,-0.410956898531232,-0.410956898531232
Feng-TS-iPSC,Mediator,colored,8,55.52176750308537,1.922459664157081,0.9429533287821488,0.9429533287821488
Feng-TS-iPSC,TFIID,colored,4,39.25981830489456,2.2077272120645937,1.1425619229701427,1.1425619229701427
Feng-TS-iPSC,Integrator,colored,7,51.93585787616619,1.7582917741749142,0.8141744938188602,0.8141744938188602
Feng-TS-iPSC,LSM2-8,colored,3,34.0,4.24560746730558,2.085970991321006,2.085970991321006
Feng-TS-iPSC,Exosome,colored,4,39.25981830489456,1.6769623634792172,0.7458503104698218,0.7458503104698218
Feng-TS-iPSC,eIF3,colored,3,34.0,4.382153392330383,2.131639985122558,2.131639985122558
Feng-TS-iPSC,MitoRibo,colored,24,96.16652224137046,8.730434782608697,3.126053503006397,3.0
Nourreddine-iPSC,Mediator,gray (no complex-specific gene),21,89.95554457619609,,,
Nourreddine-iPSC,SAGA,gray (no complex-specific gene),10,62.07522318391882,,,
Nourreddine-iPSC,TFIID,colored,9,58.88972745734183,2.1739130434782608,1.1202942337177118,1.1202942337177118
Nourreddine-iPSC,TFIIH,gray (no complex-specific gene),9,58.88972745734183,,,
Nourreddine-iPSC,BAF,colored,10,62.07522318391882,4.606451612903226,2.2036558587548623,2.2036558587548623
Nourreddine-iPSC,Cohesin,gray (no complex-specific gene),5,43.89381125701739,,,
Nourreddine-iPSC,MCM,gray (no complex-specific gene),4,39.25981830489456,,,
Nourreddine-iPSC,ORC,gray (no complex-specific gene),6,48.08326112068523,,,
Nourreddine-iPSC,Fanconi,gray (no complex-specific gene),7,51.93585787616619,,,
Nourreddine-iPSC,Integrator,gray (no complex-specific gene),5,43.89381125701739,,,
Nourreddine-iPSC,LSM2-8,gray (no complex-specific gene),4,39.25981830489456,,,
Nourreddine-iPSC,SMN,gray (no complex-specific gene),4,39.25981830489456,,,
Nourreddine-iPSC,Exosome,gray (no complex-specific gene),5,43.89381125701739,,,
Nourreddine-iPSC,eIF3,gray (no complex-specific gene),4,39.25981830489456,,,
Nourreddine-iPSC,Multisynthetase,gray (no complex-specific gene),11,65.10504332743099,,,
Nourreddine-iPSC,20S proteasome,gray (no complex-specific gene),6,48.08326112068523,,,
Nourreddine-iPSC,CCT,gray (no complex-specific gene),4,39.25981830489456,,,
Nourreddine-iPSC,COP9,gray (no complex-specific gene),7,51.93585787616619,,,
Nourreddine-iPSC,ARP2/3,colored,7,51.93585787616619,0.0,-inf,-3.0
Nourreddine-iPSC,TRAPP,gray (no complex-specific gene),9,58.88972745734183,,,
Nourreddine-iPSC,MitoRibo,colored,69,163.05827179263247,1.6003134796238243,0.678354537112932,0.678354537112932
Nourreddine-iPSC,Respiratory complex I,colored,35,116.13210868087543,0.0,-inf,-3.0
