curve,display_dataset,q_percent,enrichment
Individual screens,Replogle-E-K562,100.0,1.0
Individual screens,Replogle-E-K562,92.61187281287933,1.058795393336469
Individual screens,Replogle-E-K562,85.76958985908941,1.1054171291719008
Individual screens,Replogle-E-K562,79.43282347242814,1.150851655021028
Individual screens,Replogle-E-K562,73.56422544596414,1.192030106342407
Individual screens,Replogle-E-K562,68.12920690579611,1.2301940287718038
Individual screens,Replogle-E-K562,63.09573444801933,1.2671692080390513
Individual screens,Replogle-E-K562,58.43414133735176,1.3031824949589634
Individual screens,Replogle-E-K562,54.116952654646376,1.3392380890241162
Individual screens,Replogle-E-K562,50.11872336272722,1.373988806103692
Individual screens,Replogle-E-K562,46.4158883361278,1.407424534285894
Individual screens,Replogle-E-K562,42.98662347082277,1.439998701675106
Individual screens,Replogle-E-K562,39.81071705534973,1.4699676933131771
Individual screens,Replogle-E-K562,36.86945064519576,1.504208309388675
Individual screens,Replogle-E-K562,34.145488738336006,1.5327836780598587
Individual screens,Replogle-E-K562,31.622776601683796,1.561137363832434
Individual screens,Replogle-E-K562,29.28644564625237,1.5869670906294129
Individual screens,Replogle-E-K562,27.12272579332028,1.609173846830848
Individual screens,Replogle-E-K562,25.118864315095795,1.6313013996231749
Individual screens,Replogle-E-K562,23.263050671536263,1.6541594516434917
Individual screens,Replogle-E-K562,21.544346900318843,1.6793537537587269
Individual screens,Replogle-E-K562,19.9526231496888,1.697222967578497
Individual screens,Replogle-E-K562,18.478497974222908,1.723444341810745
Individual screens,Replogle-E-K562,17.11328304161781,1.7428021912627392
Individual screens,Replogle-E-K562,15.848931924611133,1.7654133717293856
Individual screens,Replogle-E-K562,14.67799267622069,1.7788686794982536
Individual screens,Replogle-E-K562,13.593563908785256,1.8053935531065823
Individual screens,Replogle-E-K562,12.589254117941676,1.82465874185553
Individual screens,Replogle-E-K562,11.659144011798316,1.8390113292814505
Individual screens,Replogle-E-K562,10.797751623277094,1.8503583070085985
Individual screens,Replogle-E-K562,10.0,1.869849466233681
Individual screens,Replogle-E-K562,9.261187281287937,1.8900060841351087
Individual screens,Replogle-E-K562,8.576958985908941,1.9080469179723891
Individual screens,Replogle-E-K562,7.943282347242813,1.92913795047391
Individual screens,Replogle-E-K562,7.356422544596413,1.935604302421136
Individual screens,Replogle-E-K562,6.812920690579611,1.9549242010876489
Individual screens,Replogle-E-K562,6.309573444801933,1.9713189463173009
Individual screens,Replogle-E-K562,5.843414133735175,1.9821092101805249
Individual screens,Replogle-E-K562,5.411695265464638,1.9952647350613189
Individual screens,Replogle-E-K562,5.011872336272722,2.016032781999177
Individual screens,Replogle-E-K562,4.641588833612779,2.022989687346538
Individual screens,Replogle-E-K562,4.298662347082277,2.0242388883914906
Individual screens,Replogle-E-K562,3.981071705534973,2.0396357468287207
Individual screens,Replogle-E-K562,3.686945064519575,2.044998399766172
Individual screens,Replogle-E-K562,3.4145488738336023,2.057998434151842
Individual screens,Replogle-E-K562,3.1622776601683795,2.0684489662544583
Individual screens,Replogle-E-K562,2.928644564625237,2.08946110552636
Individual screens,Replogle-E-K562,2.712272579332028,2.1085890444614246
Individual screens,Replogle-E-K562,2.51188643150958,2.126591351534393
Individual screens,Replogle-E-K562,2.3263050671536263,2.12563978894235
Individual screens,Replogle-E-K562,2.154434690031884,2.117949819523788
Individual screens,Replogle-E-K562,1.99526231496888,2.1147334281560064
Individual screens,Replogle-E-K562,1.8478497974222907,2.106136686021612
Individual screens,Replogle-E-K562,1.711328304161781,2.123502121077541
Individual screens,Replogle-E-K562,1.5848931924611134,2.115417144104327
Individual screens,Replogle-E-K562,1.4677992676220697,2.111697729345462
Individual screens,Replogle-E-K562,1.3593563908785256,2.1105425807088984
Individual screens,Replogle-E-K562,1.2589254117941675,2.116655769380828
Individual screens,Replogle-E-K562,1.1659144011798317,2.128294614267663
Individual screens,Replogle-E-K562,1.07977516232771,2.1276982305722765
Individual screens,Replogle-E-K562,1.0,2.144454191959836
Individual screens,Replogle-GW-K562,100.0,1.0
Individual screens,Replogle-GW-K562,92.61187281287933,1.0610086617419996
Individual screens,Replogle-GW-K562,85.76958985908941,1.111801345415632
Individual screens,Replogle-GW-K562,79.43282347242814,1.1587706110920255
Individual screens,Replogle-GW-K562,73.56422544596414,1.2037220409778109
Individual screens,Replogle-GW-K562,68.12920690579611,1.243107967570564
Individual screens,Replogle-GW-K562,63.09573444801933,1.2854375898676798
Individual screens,Replogle-GW-K562,58.43414133735176,1.3253960174872217
Individual screens,Replogle-GW-K562,54.116952654646376,1.3645495103562704
Individual screens,Replogle-GW-K562,50.11872336272722,1.3965833536064138
Individual screens,Replogle-GW-K562,46.4158883361278,1.429075874822388
Individual screens,Replogle-GW-K562,42.98662347082277,1.4581798388090317
Individual screens,Replogle-GW-K562,39.81071705534973,1.488156389761659
Individual screens,Replogle-GW-K562,36.86945064519576,1.5183889089920592
Individual screens,Replogle-GW-K562,34.145488738336006,1.5476995475001605
Individual screens,Replogle-GW-K562,31.622776601683796,1.5756661741893785
Individual screens,Replogle-GW-K562,29.28644564625237,1.6058893634206306
Individual screens,Replogle-GW-K562,27.12272579332028,1.6393269318273205
Individual screens,Replogle-GW-K562,25.118864315095795,1.672354318576194
Individual screens,Replogle-GW-K562,23.263050671536263,1.7003821774904166
Individual screens,Replogle-GW-K562,21.544346900318843,1.7441940020325637
Individual screens,Replogle-GW-K562,19.9526231496888,1.7728422280021587
Individual screens,Replogle-GW-K562,18.478497974222908,1.805722802399848
Individual screens,Replogle-GW-K562,17.11328304161781,1.8374089961382352
Individual screens,Replogle-GW-K562,15.848931924611133,1.8737146377088547
Individual screens,Replogle-GW-K562,14.67799267622069,1.9015569421024925
Individual screens,Replogle-GW-K562,13.593563908785256,1.937963190035001
Individual screens,Replogle-GW-K562,12.589254117941676,1.9598980342323864
Individual screens,Replogle-GW-K562,11.659144011798316,1.9858733757558944
Individual screens,Replogle-GW-K562,10.797751623277094,2.009116972011292
Individual screens,Replogle-GW-K562,10.0,2.055066795158603
Individual screens,Replogle-GW-K562,9.261187281287937,2.0915788154271198
Individual screens,Replogle-GW-K562,8.576958985908941,2.1045249936062373
Individual screens,Replogle-GW-K562,7.943282347242813,2.1299126624651628
Individual screens,Replogle-GW-K562,7.356422544596413,2.1456050475451054
Individual screens,Replogle-GW-K562,6.812920690579611,2.152615311797742
Individual screens,Replogle-GW-K562,6.309573444801933,2.164452420646625
Individual screens,Replogle-GW-K562,5.843414133735175,2.188675196456574
Individual screens,Replogle-GW-K562,5.411695265464638,2.2165244486704565
Individual screens,Replogle-GW-K562,5.011872336272722,2.2451025502999165
Individual screens,Replogle-GW-K562,4.641588833612779,2.251490431740479
Individual screens,Replogle-GW-K562,4.298662347082277,2.259504050640523
Individual screens,Replogle-GW-K562,3.981071705534973,2.2781496475160776
Individual screens,Replogle-GW-K562,3.686945064519575,2.275028894574275
Individual screens,Replogle-GW-K562,3.4145488738336023,2.319612052867323
Individual screens,Replogle-GW-K562,3.1622776601683795,2.3226211943157478
Individual screens,Replogle-GW-K562,2.928644564625237,2.348792426742394
Individual screens,Replogle-GW-K562,2.712272579332028,2.3649640568187804
Individual screens,Replogle-GW-K562,2.51188643150958,2.355857116257424
Individual screens,Replogle-GW-K562,2.3263050671536263,2.356843633957212
Individual screens,Replogle-GW-K562,2.154434690031884,2.339885042370098
Individual screens,Replogle-GW-K562,1.99526231496888,2.327919047369725
Individual screens,Replogle-GW-K562,1.8478497974222907,2.328777916373509
Individual screens,Replogle-GW-K562,1.711328304161781,2.3412217864729885
Individual screens,Replogle-GW-K562,1.5848931924611134,2.348393111842261
Individual screens,Replogle-GW-K562,1.4677992676220697,2.3170401818486743
Individual screens,Replogle-GW-K562,1.3593563908785256,2.297763770045122
Individual screens,Replogle-GW-K562,1.2589254117941675,2.2756525318809016
Individual screens,Replogle-GW-K562,1.1659144011798317,2.300154174170984
Individual screens,Replogle-GW-K562,1.07977516232771,2.253494620674588
Individual screens,Replogle-GW-K562,1.0,2.277421859983008
Individual screens,Replogle-E-RPE1,100.0,1.0
Individual screens,Replogle-E-RPE1,92.61187281287933,1.058248162996507
Individual screens,Replogle-E-RPE1,85.76958985908941,1.113171230370657
Individual screens,Replogle-E-RPE1,79.43282347242814,1.1626397928749916
Individual screens,Replogle-E-RPE1,73.56422544596414,1.2094040476372685
Individual screens,Replogle-E-RPE1,68.12920690579611,1.252183431777069
Individual screens,Replogle-E-RPE1,63.09573444801933,1.294312970699255
Individual screens,Replogle-E-RPE1,58.43414133735176,1.332290087890023
Individual screens,Replogle-E-RPE1,54.116952654646376,1.3656051149255388
Individual screens,Replogle-E-RPE1,50.11872336272722,1.399645827221254
Individual screens,Replogle-E-RPE1,46.4158883361278,1.4307416522533385
Individual screens,Replogle-E-RPE1,42.98662347082277,1.4578359329167994
Individual screens,Replogle-E-RPE1,39.81071705534973,1.485605119188737
Individual screens,Replogle-E-RPE1,36.86945064519576,1.5025178773558836
Individual screens,Replogle-E-RPE1,34.145488738336006,1.5261899516754964
Individual screens,Replogle-E-RPE1,31.622776601683796,1.5419456942139271
Individual screens,Replogle-E-RPE1,29.28644564625237,1.557863444548971
Individual screens,Replogle-E-RPE1,27.12272579332028,1.5700570735580202
Individual screens,Replogle-E-RPE1,25.118864315095795,1.5850656088468835
Individual screens,Replogle-E-RPE1,23.263050671536263,1.600676943583383
Individual screens,Replogle-E-RPE1,21.544346900318843,1.6136375676057784
Individual screens,Replogle-E-RPE1,19.9526231496888,1.6235608117046327
Individual screens,Replogle-E-RPE1,18.478497974222908,1.630377462104128
Individual screens,Replogle-E-RPE1,17.11328304161781,1.6380194552898248
Individual screens,Replogle-E-RPE1,15.848931924611133,1.6378149236243102
Individual screens,Replogle-E-RPE1,14.67799267622069,1.6391062496296749
Individual screens,Replogle-E-RPE1,13.593563908785256,1.6504870136489649
Individual screens,Replogle-E-RPE1,12.589254117941676,1.665312297801803
Individual screens,Replogle-E-RPE1,11.659144011798316,1.6702005211419486
Individual screens,Replogle-E-RPE1,10.797751623277094,1.6672483527937605
Individual screens,Replogle-E-RPE1,10.0,1.6672005997112307
Individual screens,Replogle-E-RPE1,9.261187281287937,1.66959840856359
Individual screens,Replogle-E-RPE1,8.576958985908941,1.6619973209529724
Individual screens,Replogle-E-RPE1,7.943282347242813,1.6582190318439125
Individual screens,Replogle-E-RPE1,7.356422544596413,1.6585583214427515
Individual screens,Replogle-E-RPE1,6.812920690579611,1.6593554080909008
Individual screens,Replogle-E-RPE1,6.309573444801933,1.6601298379942944
Individual screens,Replogle-E-RPE1,5.843414133735175,1.6543802031067936
Individual screens,Replogle-E-RPE1,5.411695265464638,1.659462679869822
Individual screens,Replogle-E-RPE1,5.011872336272722,1.6557738170479923
Individual screens,Replogle-E-RPE1,4.641588833612779,1.6586888545212957
Individual screens,Replogle-E-RPE1,4.298662347082277,1.652673277663398
Individual screens,Replogle-E-RPE1,3.981071705534973,1.6441103075915364
Individual screens,Replogle-E-RPE1,3.686945064519575,1.6459003201045868
Individual screens,Replogle-E-RPE1,3.4145488738336023,1.63514016986374
Individual screens,Replogle-E-RPE1,3.1622776601683795,1.6321862451244786
Individual screens,Replogle-E-RPE1,2.928644564625237,1.6294038211553612
Individual screens,Replogle-E-RPE1,2.712272579332028,1.6289916510226743
Individual screens,Replogle-E-RPE1,2.51188643150958,1.6247696968263852
Individual screens,Replogle-E-RPE1,2.3263050671536263,1.6305084841933846
Individual screens,Replogle-E-RPE1,2.154434690031884,1.633704526671825
Individual screens,Replogle-E-RPE1,1.99526231496888,1.6383861153001562
Individual screens,Replogle-E-RPE1,1.8478497974222907,1.6284242600945569
Individual screens,Replogle-E-RPE1,1.711328304161781,1.5935816123869573
Individual screens,Replogle-E-RPE1,1.5848931924611134,1.5915063870330488
Individual screens,Replogle-E-RPE1,1.4677992676220697,1.5686845004429215
Individual screens,Replogle-E-RPE1,1.3593563908785256,1.538268488860002
Individual screens,Replogle-E-RPE1,1.2589254117941675,1.5426864419664157
Individual screens,Replogle-E-RPE1,1.1659144011798317,1.5321182483487
Individual screens,Replogle-E-RPE1,1.07977516232771,1.52912767441007
Individual screens,Replogle-E-RPE1,1.0,1.517016014295933
Individual screens,Nadig-HepG2,100.0,1.0
Individual screens,Nadig-HepG2,92.61187281287933,1.05358981317718
Individual screens,Nadig-HepG2,85.76958985908941,1.1043904838446843
Individual screens,Nadig-HepG2,79.43282347242814,1.1465369385241877
Individual screens,Nadig-HepG2,73.56422544596414,1.1858686532309717
Individual screens,Nadig-HepG2,68.12920690579611,1.22228515703089
Individual screens,Nadig-HepG2,63.09573444801933,1.254460990216065
Individual screens,Nadig-HepG2,58.43414133735176,1.284971962831141
Individual screens,Nadig-HepG2,54.116952654646376,1.3095976064653576
Individual screens,Nadig-HepG2,50.11872336272722,1.3326546198538671
Individual screens,Nadig-HepG2,46.4158883361278,1.3560689683005052
Individual screens,Nadig-HepG2,42.98662347082277,1.3813682786594972
Individual screens,Nadig-HepG2,39.81071705534973,1.4066208442657924
Individual screens,Nadig-HepG2,36.86945064519576,1.4272944003540924
Individual screens,Nadig-HepG2,34.145488738336006,1.447973814855341
Individual screens,Nadig-HepG2,31.622776601683796,1.4723145187766205
Individual screens,Nadig-HepG2,29.28644564625237,1.493366175300315
Individual screens,Nadig-HepG2,27.12272579332028,1.5060422533222282
Individual screens,Nadig-HepG2,25.118864315095795,1.5299223411878131
Individual screens,Nadig-HepG2,23.263050671536263,1.543152606215186
Individual screens,Nadig-HepG2,21.544346900318843,1.5617841111997224
Individual screens,Nadig-HepG2,19.9526231496888,1.5698599538536622
Individual screens,Nadig-HepG2,18.478497974222908,1.5869974890690448
Individual screens,Nadig-HepG2,17.11328304161781,1.6033208291283052
Individual screens,Nadig-HepG2,15.848931924611133,1.6115543174765283
Individual screens,Nadig-HepG2,14.67799267622069,1.6247361250770036
Individual screens,Nadig-HepG2,13.593563908785256,1.6375582838845693
Individual screens,Nadig-HepG2,12.589254117941676,1.6499848451511496
Individual screens,Nadig-HepG2,11.659144011798316,1.6575333544225477
Individual screens,Nadig-HepG2,10.797751623277094,1.6686192841083716
Individual screens,Nadig-HepG2,10.0,1.6770525644715226
Individual screens,Nadig-HepG2,9.261187281287937,1.678595660512465
Individual screens,Nadig-HepG2,8.576958985908941,1.6826111009532438
Individual screens,Nadig-HepG2,7.943282347242813,1.6893949614958836
Individual screens,Nadig-HepG2,7.356422544596413,1.6904642155892675
Individual screens,Nadig-HepG2,6.812920690579611,1.6870746301839543
Individual screens,Nadig-HepG2,6.309573444801933,1.6953198114523509
Individual screens,Nadig-HepG2,5.843414133735175,1.6923723516987526
Individual screens,Nadig-HepG2,5.411695265464638,1.6908000854665797
Individual screens,Nadig-HepG2,5.011872336272722,1.6860083370130026
Individual screens,Nadig-HepG2,4.641588833612779,1.6732176849745737
Individual screens,Nadig-HepG2,4.298662347082277,1.684551831773755
Individual screens,Nadig-HepG2,3.981071705534973,1.694618012639056
Individual screens,Nadig-HepG2,3.686945064519575,1.688185425485902
Individual screens,Nadig-HepG2,3.4145488738336023,1.677602791514963
Individual screens,Nadig-HepG2,3.1622776601683795,1.6613414618017983
Individual screens,Nadig-HepG2,2.928644564625237,1.6724220891897346
Individual screens,Nadig-HepG2,2.712272579332028,1.6600409988180005
Individual screens,Nadig-HepG2,2.51188643150958,1.65155980096901
Individual screens,Nadig-HepG2,2.3263050671536263,1.641871102664804
Individual screens,Nadig-HepG2,2.154434690031884,1.6356723054771
Individual screens,Nadig-HepG2,1.99526231496888,1.6172776832059912
Individual screens,Nadig-HepG2,1.8478497974222907,1.610899928142535
Individual screens,Nadig-HepG2,1.711328304161781,1.5892531856895478
Individual screens,Nadig-HepG2,1.5848931924611134,1.584401045392578
Individual screens,Nadig-HepG2,1.4677992676220697,1.5680499786303363
Individual screens,Nadig-HepG2,1.3593563908785256,1.543478310432446
Individual screens,Nadig-HepG2,1.2589254117941675,1.5141247747585114
Individual screens,Nadig-HepG2,1.1659144011798317,1.48098237886048
Individual screens,Nadig-HepG2,1.07977516232771,1.464738943560965
Individual screens,Nadig-HepG2,1.0,1.4682780361292629
Individual screens,Nadig-Jurkat,100.0,1.0
Individual screens,Nadig-Jurkat,92.61187281287933,1.05783820945665
Individual screens,Nadig-Jurkat,85.76958985908941,1.107538722493878
Individual screens,Nadig-Jurkat,79.43282347242814,1.1509211874473968
Individual screens,Nadig-Jurkat,73.56422544596414,1.1924766254179728
Individual screens,Nadig-Jurkat,68.12920690579611,1.228130620296945
Individual screens,Nadig-Jurkat,63.09573444801933,1.2697498253934736
Individual screens,Nadig-Jurkat,58.43414133735176,1.307629010500417
Individual screens,Nadig-Jurkat,54.116952654646376,1.3427377814909611
Individual screens,Nadig-Jurkat,50.11872336272722,1.3709027006520285
Individual screens,Nadig-Jurkat,46.4158883361278,1.3997791188079762
Individual screens,Nadig-Jurkat,42.98662347082277,1.428918148799467
Individual screens,Nadig-Jurkat,39.81071705534973,1.457104288092428
Individual screens,Nadig-Jurkat,36.86945064519576,1.4913709426199286
Individual screens,Nadig-Jurkat,34.145488738336006,1.5204868020713729
Individual screens,Nadig-Jurkat,31.622776601683796,1.5409647283672854
Individual screens,Nadig-Jurkat,29.28644564625237,1.5572319364857992
Individual screens,Nadig-Jurkat,27.12272579332028,1.587961766689949
Individual screens,Nadig-Jurkat,25.118864315095795,1.6143403933925642
Individual screens,Nadig-Jurkat,23.263050671536263,1.632394803507163
Individual screens,Nadig-Jurkat,21.544346900318843,1.649998593002941
Individual screens,Nadig-Jurkat,19.9526231496888,1.6616394605523133
Individual screens,Nadig-Jurkat,18.478497974222908,1.681189021074368
Individual screens,Nadig-Jurkat,17.11328304161781,1.7015183532328553
Individual screens,Nadig-Jurkat,15.848931924611133,1.7297900611980634
Individual screens,Nadig-Jurkat,14.67799267622069,1.742635927738989
Individual screens,Nadig-Jurkat,13.593563908785256,1.7592154740380093
Individual screens,Nadig-Jurkat,12.589254117941676,1.7848727505034567
Individual screens,Nadig-Jurkat,11.659144011798316,1.8000173224830431
Individual screens,Nadig-Jurkat,10.797751623277094,1.827208688745021
Individual screens,Nadig-Jurkat,10.0,1.8483019687682896
Individual screens,Nadig-Jurkat,9.261187281287937,1.8590987860496415
Individual screens,Nadig-Jurkat,8.576958985908941,1.8746915247522755
Individual screens,Nadig-Jurkat,7.943282347242813,1.8968300654769823
Individual screens,Nadig-Jurkat,7.356422544596413,1.9148521153931917
Individual screens,Nadig-Jurkat,6.812920690579611,1.938183245767932
Individual screens,Nadig-Jurkat,6.309573444801933,1.953675818026101
Individual screens,Nadig-Jurkat,5.843414133735175,1.9710904904272224
Individual screens,Nadig-Jurkat,5.411695265464638,1.9961822922289445
Individual screens,Nadig-Jurkat,5.011872336272722,2.020849944129112
Individual screens,Nadig-Jurkat,4.641588833612779,2.050324948479275
Individual screens,Nadig-Jurkat,4.298662347082277,2.051378417565585
Individual screens,Nadig-Jurkat,3.981071705534973,2.0845760941439995
Individual screens,Nadig-Jurkat,3.686945064519575,2.104156853509185
Individual screens,Nadig-Jurkat,3.4145488738336023,2.122305339815454
Individual screens,Nadig-Jurkat,3.1622776601683795,2.150541428193497
Individual screens,Nadig-Jurkat,2.928644564625237,2.1775198098035884
Individual screens,Nadig-Jurkat,2.712272579332028,2.212441553711894
Individual screens,Nadig-Jurkat,2.51188643150958,2.2503873828512027
Individual screens,Nadig-Jurkat,2.3263050671536263,2.282900431229041
Individual screens,Nadig-Jurkat,2.154434690031884,2.278776219841001
Individual screens,Nadig-Jurkat,1.99526231496888,2.327045887313373
Individual screens,Nadig-Jurkat,1.8478497974222907,2.368049522826472
Individual screens,Nadig-Jurkat,1.711328304161781,2.373920552677029
Individual screens,Nadig-Jurkat,1.5848931924611134,2.4346026276758352
Individual screens,Nadig-Jurkat,1.4677992676220697,2.429210963746141
Individual screens,Nadig-Jurkat,1.3593563908785256,2.4741184980822286
Individual screens,Nadig-Jurkat,1.2589254117941675,2.5032287721128554
Individual screens,Nadig-Jurkat,1.1659144011798317,2.511808684198186
Individual screens,Nadig-Jurkat,1.07977516232771,2.531535298258241
Individual screens,Nadig-Jurkat,1.0,2.482013043574093
Individual screens,Huang-HCT116,100.0,1.0
Individual screens,Huang-HCT116,92.61187281287933,1.051891693971153
Individual screens,Huang-HCT116,85.76958985908941,1.0963053247654246
Individual screens,Huang-HCT116,79.43282347242814,1.1380023188824595
Individual screens,Huang-HCT116,73.56422544596414,1.177832743702533
Individual screens,Huang-HCT116,68.12920690579611,1.2175422060629475
Individual screens,Huang-HCT116,63.09573444801933,1.2591323009932192
Individual screens,Huang-HCT116,58.43414133735176,1.3009549119835666
Individual screens,Huang-HCT116,54.116952654646376,1.345136308319879
Individual screens,Huang-HCT116,50.11872336272722,1.3896774937005685
Individual screens,Huang-HCT116,46.4158883361278,1.4274820714482404
Individual screens,Huang-HCT116,42.98662347082277,1.467899760673749
Individual screens,Huang-HCT116,39.81071705534973,1.511744472390123
Individual screens,Huang-HCT116,36.86945064519576,1.5664226752702373
Individual screens,Huang-HCT116,34.145488738336006,1.6104422129027558
Individual screens,Huang-HCT116,31.622776601683796,1.6559881417797735
Individual screens,Huang-HCT116,29.28644564625237,1.6947689338535703
Individual screens,Huang-HCT116,27.12272579332028,1.738935215676985
Individual screens,Huang-HCT116,25.118864315095795,1.7863957959590595
Individual screens,Huang-HCT116,23.263050671536263,1.8249350794021315
Individual screens,Huang-HCT116,21.544346900318843,1.877369549479592
Individual screens,Huang-HCT116,19.9526231496888,1.920121368504128
Individual screens,Huang-HCT116,18.478497974222908,1.96246900033616
Individual screens,Huang-HCT116,17.11328304161781,1.995781444825659
Individual screens,Huang-HCT116,15.848931924611133,2.0314865957492265
Individual screens,Huang-HCT116,14.67799267622069,2.081985325105692
Individual screens,Huang-HCT116,13.593563908785256,2.1231672228593768
Individual screens,Huang-HCT116,12.589254117941676,2.161418019319432
Individual screens,Huang-HCT116,11.659144011798316,2.204452886128864
Individual screens,Huang-HCT116,10.797751623277094,2.241372711641387
Individual screens,Huang-HCT116,10.0,2.296048559189896
Individual screens,Huang-HCT116,9.261187281287937,2.325060794341895
Individual screens,Huang-HCT116,8.576958985908941,2.3584764557941185
Individual screens,Huang-HCT116,7.943282347242813,2.3823191550071825
Individual screens,Huang-HCT116,7.356422544596413,2.422365298428522
Individual screens,Huang-HCT116,6.812920690579611,2.465226333712125
Individual screens,Huang-HCT116,6.309573444801933,2.485534364891832
Individual screens,Huang-HCT116,5.843414133735175,2.517656030948017
Individual screens,Huang-HCT116,5.411695265464638,2.5440531099770163
Individual screens,Huang-HCT116,5.011872336272722,2.5703639716646256
Individual screens,Huang-HCT116,4.641588833612779,2.618447654898484
Individual screens,Huang-HCT116,4.298662347082277,2.6572764773599387
Individual screens,Huang-HCT116,3.981071705534973,2.687454079236533
Individual screens,Huang-HCT116,3.686945064519575,2.7075660454150023
Individual screens,Huang-HCT116,3.4145488738336023,2.776769369773787
Individual screens,Huang-HCT116,3.1622776601683795,2.8036274484230006
Individual screens,Huang-HCT116,2.928644564625237,2.858026627515099
Individual screens,Huang-HCT116,2.712272579332028,2.8770015773337696
Individual screens,Huang-HCT116,2.51188643150958,2.867637831615192
Individual screens,Huang-HCT116,2.3263050671536263,2.86128025723905
Individual screens,Huang-HCT116,2.154434690031884,2.841005745358684
Individual screens,Huang-HCT116,1.99526231496888,2.842127006417269
Individual screens,Huang-HCT116,1.8478497974222907,2.8745097601365206
Individual screens,Huang-HCT116,1.711328304161781,2.9007160843064
Individual screens,Huang-HCT116,1.5848931924611134,2.923811807915799
Individual screens,Huang-HCT116,1.4677992676220697,2.963059901782902
Individual screens,Huang-HCT116,1.3593563908785256,3.005926227935533
Individual screens,Huang-HCT116,1.2589254117941675,2.978080833340519
Individual screens,Huang-HCT116,1.1659144011798317,3.0299868116147204
Individual screens,Huang-HCT116,1.07977516232771,3.086577915289369
Individual screens,Huang-HCT116,1.0,3.1007698512258703
Individual screens,Huang-HEK293T,100.0,1.0
Individual screens,Huang-HEK293T,92.61187281287933,1.0697193693239746
Individual screens,Huang-HEK293T,85.76958985908941,1.128183732732459
Individual screens,Huang-HEK293T,79.43282347242814,1.1833838590402224
Individual screens,Huang-HEK293T,73.56422544596414,1.2311551301204375
Individual screens,Huang-HEK293T,68.12920690579611,1.27674411010584
Individual screens,Huang-HEK293T,63.09573444801933,1.325738697045212
Individual screens,Huang-HEK293T,58.43414133735176,1.3682365565094712
Individual screens,Huang-HEK293T,54.116952654646376,1.4224835992843814
Individual screens,Huang-HEK293T,50.11872336272722,1.472479200663774
Individual screens,Huang-HEK293T,46.4158883361278,1.5250883838793945
Individual screens,Huang-HEK293T,42.98662347082277,1.5717680416424893
Individual screens,Huang-HEK293T,39.81071705534973,1.60572156923159
Individual screens,Huang-HEK293T,36.86945064519576,1.646931785424682
Individual screens,Huang-HEK293T,34.145488738336006,1.6873645827333648
Individual screens,Huang-HEK293T,31.622776601683796,1.7310834419596144
Individual screens,Huang-HEK293T,29.28644564625237,1.7696595286957977
Individual screens,Huang-HEK293T,27.12272579332028,1.8151105599892068
Individual screens,Huang-HEK293T,25.118864315095795,1.864430427785179
Individual screens,Huang-HEK293T,23.263050671536263,1.9105844639074927
Individual screens,Huang-HEK293T,21.544346900318843,1.954475893812997
Individual screens,Huang-HEK293T,19.9526231496888,2.0042017258903937
Individual screens,Huang-HEK293T,18.478497974222908,2.054764637708034
Individual screens,Huang-HEK293T,17.11328304161781,2.0929709074943195
Individual screens,Huang-HEK293T,15.848931924611133,2.1502541767177843
Individual screens,Huang-HEK293T,14.67799267622069,2.1996761194591947
Individual screens,Huang-HEK293T,13.593563908785256,2.25073939958636
Individual screens,Huang-HEK293T,12.589254117941676,2.3104183031369967
Individual screens,Huang-HEK293T,11.659144011798316,2.3739185536746543
Individual screens,Huang-HEK293T,10.797751623277094,2.4277381301528336
Individual screens,Huang-HEK293T,10.0,2.4663682026393943
Individual screens,Huang-HEK293T,9.261187281287937,2.517082854198455
Individual screens,Huang-HEK293T,8.576958985908941,2.5587631755491222
Individual screens,Huang-HEK293T,7.943282347242813,2.5941423268024386
Individual screens,Huang-HEK293T,7.356422544596413,2.614699980651628
Individual screens,Huang-HEK293T,6.812920690579611,2.6945508870590484
Individual screens,Huang-HEK293T,6.309573444801933,2.7343300487277444
Individual screens,Huang-HEK293T,5.843414133735175,2.7671516809683703
Individual screens,Huang-HEK293T,5.411695265464638,2.797604539584975
Individual screens,Huang-HEK293T,5.011872336272722,2.853305101206157
Individual screens,Huang-HEK293T,4.641588833612779,2.896952559085073
Individual screens,Huang-HEK293T,4.298662347082277,2.9395831075006216
Individual screens,Huang-HEK293T,3.981071705534973,2.9793088879244825
Individual screens,Huang-HEK293T,3.686945064519575,3.0062818666755966
Individual screens,Huang-HEK293T,3.4145488738336023,3.0557227080580005
Individual screens,Huang-HEK293T,3.1622776601683795,3.063879739117675
Individual screens,Huang-HEK293T,2.928644564625237,3.078517679562752
Individual screens,Huang-HEK293T,2.712272579332028,3.124192332407393
Individual screens,Huang-HEK293T,2.51188643150958,3.12224273743322
Individual screens,Huang-HEK293T,2.3263050671536263,3.1313013425442917
Individual screens,Huang-HEK293T,2.154434690031884,3.186384798734713
Individual screens,Huang-HEK293T,1.99526231496888,3.183670943946212
Individual screens,Huang-HEK293T,1.8478497974222907,3.2321153213091462
Individual screens,Huang-HEK293T,1.711328304161781,3.210208236482262
Individual screens,Huang-HEK293T,1.5848931924611134,3.240720527169927
Individual screens,Huang-HEK293T,1.4677992676220697,3.236814185762826
Individual screens,Huang-HEK293T,1.3593563908785256,3.2833821006961963
Individual screens,Huang-HEK293T,1.2589254117941675,3.241064735404358
Individual screens,Huang-HEK293T,1.1659144011798317,3.262455325478084
Individual screens,Huang-HEK293T,1.07977516232771,3.215822798212735
Individual screens,Huang-HEK293T,1.0,3.244093767867353
Individual screens,Pan-GP-H1,100.0,1.0
Individual screens,Pan-GP-H1,92.61187281287933,1.0736413266092335
Individual screens,Pan-GP-H1,85.76958985908941,1.1437012550252432
Individual screens,Pan-GP-H1,79.43282347242814,1.216884391071388
Individual screens,Pan-GP-H1,73.56422544596414,1.287055212363919
Individual screens,Pan-GP-H1,68.12920690579611,1.357405415036727
Individual screens,Pan-GP-H1,63.09573444801933,1.430411852347678
Individual screens,Pan-GP-H1,58.43414133735176,1.5118648607713057
Individual screens,Pan-GP-H1,54.116952654646376,1.5831069993482485
Individual screens,Pan-GP-H1,50.11872336272722,1.6624858769602135
Individual screens,Pan-GP-H1,46.4158883361278,1.7418572951455815
Individual screens,Pan-GP-H1,42.98662347082277,1.823214205045516
Individual screens,Pan-GP-H1,39.81071705534973,1.9090178629644865
Individual screens,Pan-GP-H1,36.86945064519576,1.9820391786329163
Individual screens,Pan-GP-H1,34.145488738336006,2.075731832890976
Individual screens,Pan-GP-H1,31.622776601683796,2.149684747616803
Individual screens,Pan-GP-H1,29.28644564625237,2.2316951427402336
Individual screens,Pan-GP-H1,27.12272579332028,2.311252792959404
Individual screens,Pan-GP-H1,25.118864315095795,2.395987439576367
Individual screens,Pan-GP-H1,23.263050671536263,2.483911784797221
Individual screens,Pan-GP-H1,21.544346900318843,2.55583442381846
Individual screens,Pan-GP-H1,19.9526231496888,2.649468836595751
Individual screens,Pan-GP-H1,18.478497974222908,2.736000570324887
Individual screens,Pan-GP-H1,17.11328304161781,2.8171840351922177
Individual screens,Pan-GP-H1,15.848931924611133,2.8732421077650514
Individual screens,Pan-GP-H1,14.67799267622069,2.9656776252368444
Individual screens,Pan-GP-H1,13.593563908785256,3.0657250690494946
Individual screens,Pan-GP-H1,12.589254117941676,3.1336868796885526
Individual screens,Pan-GP-H1,11.659144011798316,3.2283993240647506
Individual screens,Pan-GP-H1,10.797751623277094,3.291672692563561
Individual screens,Pan-GP-H1,10.0,3.3735187162435167
Individual screens,Pan-GP-H1,9.261187281287937,3.442044803714376
Individual screens,Pan-GP-H1,8.576958985908941,3.523033731834899
Individual screens,Pan-GP-H1,7.943282347242813,3.6272532063589584
Individual screens,Pan-GP-H1,7.356422544596413,3.7037318055741633
Individual screens,Pan-GP-H1,6.812920690579611,3.7750936465079823
Individual screens,Pan-GP-H1,6.309573444801933,3.8281613462014352
Individual screens,Pan-GP-H1,5.843414133735175,3.922119979991365
Individual screens,Pan-GP-H1,5.411695265464638,4.024562004634681
Individual screens,Pan-GP-H1,5.011872336272722,4.065056390190317
Individual screens,Pan-GP-H1,4.641588833612779,4.112077831126141
Individual screens,Pan-GP-H1,4.298662347082277,4.168429560309579
Individual screens,Pan-GP-H1,3.981071705534973,4.25239969454533
Individual screens,Pan-GP-H1,3.686945064519575,4.342632402897043
Individual screens,Pan-GP-H1,3.4145488738336023,4.4010281012433845
Individual screens,Pan-GP-H1,3.1622776601683795,4.462121878602948
Individual screens,Pan-GP-H1,2.928644564625237,4.4812824240161095
Individual screens,Pan-GP-H1,2.712272579332028,4.6170308457854645
Individual screens,Pan-GP-H1,2.51188643150958,4.662398893021917
Individual screens,Pan-GP-H1,2.3263050671536263,4.727162046142963
Individual screens,Pan-GP-H1,2.154434690031884,4.769001760439725
Individual screens,Pan-GP-H1,1.99526231496888,4.803994224038767
Individual screens,Pan-GP-H1,1.8478497974222907,4.877605962373218
Individual screens,Pan-GP-H1,1.711328304161781,5.047859947699967
Individual screens,Pan-GP-H1,1.5848931924611134,4.999707356442933
Individual screens,Pan-GP-H1,1.4677992676220697,5.142306285942226
Individual screens,Pan-GP-H1,1.3593563908785256,5.192614411954882
Individual screens,Pan-GP-H1,1.2589254117941675,5.293870234279816
Individual screens,Pan-GP-H1,1.1659144011798317,5.499472512015004
Individual screens,Pan-GP-H1,1.07977516232771,5.510348199250366
Individual screens,Pan-GP-H1,1.0,5.598562106826085
Individual screens,VCC-H1,100.0,1.0
Individual screens,VCC-H1,92.61187281287933,1.0269220927881662
Individual screens,VCC-H1,85.76958985908941,1.0438953186637092
Individual screens,VCC-H1,79.43282347242814,1.063958539977451
Individual screens,VCC-H1,73.56422544596414,1.0761545051799095
Individual screens,VCC-H1,68.12920690579611,1.0842796799323269
Individual screens,VCC-H1,63.09573444801933,1.0991385522397314
Individual screens,VCC-H1,58.43414133735176,1.0994093427793528
Individual screens,VCC-H1,54.116952654646376,1.1036025102309794
Individual screens,VCC-H1,50.11872336272722,1.1151729556483714
Individual screens,VCC-H1,46.4158883361278,1.1197182549449365
Individual screens,VCC-H1,42.98662347082277,1.1204935250733088
Individual screens,VCC-H1,39.81071705534973,1.1167799632985032
Individual screens,VCC-H1,36.86945064519576,1.1206418071906274
Individual screens,VCC-H1,34.145488738336006,1.1216674078305249
Individual screens,VCC-H1,31.622776601683796,1.1328024671397008
Individual screens,VCC-H1,29.28644564625237,1.132961244785083
Individual screens,VCC-H1,27.12272579332028,1.1328466062760958
Individual screens,VCC-H1,25.118864315095795,1.123524519485665
Individual screens,VCC-H1,23.263050671536263,1.1281326451452334
Individual screens,VCC-H1,21.544346900318843,1.118186430111561
Individual screens,VCC-H1,19.9526231496888,1.1069349495216207
Individual screens,VCC-H1,18.478497974222908,1.1004024027345225
Individual screens,VCC-H1,17.11328304161781,1.091640399356918
Individual screens,VCC-H1,15.848931924611133,1.097352047029386
Individual screens,VCC-H1,14.67799267622069,1.0969889300178814
Individual screens,VCC-H1,13.593563908785256,1.0878648380562583
Individual screens,VCC-H1,12.589254117941676,1.0721302089841989
Individual screens,VCC-H1,11.659144011798316,1.06532450270052
Individual screens,VCC-H1,10.797751623277094,1.0610590905333013
Individual screens,VCC-H1,10.0,1.0593001983672998
Individual screens,VCC-H1,9.261187281287937,1.035724470716049
Individual screens,VCC-H1,8.576958985908941,1.0249324223490432
Individual screens,VCC-H1,7.943282347242813,1.007384253964974
Individual screens,VCC-H1,7.356422544596413,0.9820953729583576
Individual screens,VCC-H1,6.812920690579611,0.9649729563002124
Individual screens,VCC-H1,6.309573444801933,0.9505322389431028
Individual screens,VCC-H1,5.843414133735175,0.9385898295498236
Individual screens,VCC-H1,5.411695265464638,0.9256568515184652
Individual screens,VCC-H1,5.011872336272722,0.917011007212814
Individual screens,VCC-H1,4.641588833612779,0.8902496592298174
Individual screens,VCC-H1,4.298662347082277,0.8767965859888257
Individual screens,VCC-H1,3.981071705534973,0.8712554436539901
Individual screens,VCC-H1,3.686945064519575,0.8829299086956458
Individual screens,VCC-H1,3.4145488738336023,0.8434694369617003
Individual screens,VCC-H1,3.1622776601683795,0.8552440856419972
Individual screens,VCC-H1,2.928644564625237,0.8295398301261954
Individual screens,VCC-H1,2.712272579332028,0.8125628555418497
Individual screens,VCC-H1,2.51188643150958,0.8028987573928774
Individual screens,VCC-H1,2.3263050671536263,0.8021187474517886
Individual screens,VCC-H1,2.154434690031884,0.8136491695198469
Individual screens,VCC-H1,1.99526231496888,0.8222278429652968
Individual screens,VCC-H1,1.8478497974222907,0.8133677273996394
Individual screens,VCC-H1,1.711328304161781,0.8127117856839945
Individual screens,VCC-H1,1.5848931924611134,0.8058308768682316
Individual screens,VCC-H1,1.4677992676220697,0.7937154736202426
Individual screens,VCC-H1,1.3593563908785256,0.7466956801509368
Individual screens,VCC-H1,1.2589254117941675,0.706468657302714
Individual screens,VCC-H1,1.1659144011798317,0.708784447361233
Individual screens,VCC-H1,1.07977516232771,0.7307670890611608
Individual screens,VCC-H1,1.0,0.6643211263078622
Individual screens,Feng-TS-iPSC,100.0,1.0
Individual screens,Feng-TS-iPSC,92.61187281287933,1.0373159436855637
Individual screens,Feng-TS-iPSC,85.76958985908941,1.0723069166506058
Individual screens,Feng-TS-iPSC,79.43282347242814,1.1058937926531938
Individual screens,Feng-TS-iPSC,73.56422544596414,1.1305964716026031
Individual screens,Feng-TS-iPSC,68.12920690579611,1.1570998923716167
Individual screens,Feng-TS-iPSC,63.09573444801933,1.1871595767618508
Individual screens,Feng-TS-iPSC,58.43414133735176,1.214517621002704
Individual screens,Feng-TS-iPSC,54.116952654646376,1.238061496935937
Individual screens,Feng-TS-iPSC,50.11872336272722,1.2639329347560029
Individual screens,Feng-TS-iPSC,46.4158883361278,1.2902030879784596
Individual screens,Feng-TS-iPSC,42.98662347082277,1.3102390896549418
Individual screens,Feng-TS-iPSC,39.81071705534973,1.3355014470214956
Individual screens,Feng-TS-iPSC,36.86945064519576,1.3648408842924298
Individual screens,Feng-TS-iPSC,34.145488738336006,1.3862276520788324
Individual screens,Feng-TS-iPSC,31.622776601683796,1.4134708347894995
Individual screens,Feng-TS-iPSC,29.28644564625237,1.4459018443209233
Individual screens,Feng-TS-iPSC,27.12272579332028,1.4720348185122114
Individual screens,Feng-TS-iPSC,25.118864315095795,1.495283397895929
Individual screens,Feng-TS-iPSC,23.263050671536263,1.5262595886550303
Individual screens,Feng-TS-iPSC,21.544346900318843,1.5487472469133778
Individual screens,Feng-TS-iPSC,19.9526231496888,1.5702491896736264
Individual screens,Feng-TS-iPSC,18.478497974222908,1.5928130271093308
Individual screens,Feng-TS-iPSC,17.11328304161781,1.6185694282773782
Individual screens,Feng-TS-iPSC,15.848931924611133,1.6421184065831986
Individual screens,Feng-TS-iPSC,14.67799267622069,1.6658961770106095
Individual screens,Feng-TS-iPSC,13.593563908785256,1.6965988708815842
Individual screens,Feng-TS-iPSC,12.589254117941676,1.7179153386051134
Individual screens,Feng-TS-iPSC,11.659144011798316,1.7493633459900613
Individual screens,Feng-TS-iPSC,10.797751623277094,1.7809307749534014
Individual screens,Feng-TS-iPSC,10.0,1.804207439323245
Individual screens,Feng-TS-iPSC,9.261187281287937,1.836805232579093
Individual screens,Feng-TS-iPSC,8.576958985908941,1.856930087036648
Individual screens,Feng-TS-iPSC,7.943282347242813,1.868073459457951
Individual screens,Feng-TS-iPSC,7.356422544596413,1.9002138141158795
Individual screens,Feng-TS-iPSC,6.812920690579611,1.9425344530459023
Individual screens,Feng-TS-iPSC,6.309573444801933,1.9699356407387496
Individual screens,Feng-TS-iPSC,5.843414133735175,1.9861671247883093
Individual screens,Feng-TS-iPSC,5.411695265464638,1.9942900912704125
Individual screens,Feng-TS-iPSC,5.011872336272722,2.011494530915657
Individual screens,Feng-TS-iPSC,4.641588833612779,2.037342934014778
Individual screens,Feng-TS-iPSC,4.298662347082277,2.050556207707842
Individual screens,Feng-TS-iPSC,3.981071705534973,2.0827384865580765
Individual screens,Feng-TS-iPSC,3.686945064519575,2.083794865867882
Individual screens,Feng-TS-iPSC,3.4145488738336023,2.0920439639386124
Individual screens,Feng-TS-iPSC,3.1622776601683795,2.106849254819171
Individual screens,Feng-TS-iPSC,2.928644564625237,2.113990359772047
Individual screens,Feng-TS-iPSC,2.712272579332028,2.1684365598480166
Individual screens,Feng-TS-iPSC,2.51188643150958,2.179214587719451
Individual screens,Feng-TS-iPSC,2.3263050671536263,2.2029309782820388
Individual screens,Feng-TS-iPSC,2.154434690031884,2.2004637882448184
Individual screens,Feng-TS-iPSC,1.99526231496888,2.242718235517753
Individual screens,Feng-TS-iPSC,1.8478497974222907,2.2381760213698687
Individual screens,Feng-TS-iPSC,1.711328304161781,2.247556579643451
Individual screens,Feng-TS-iPSC,1.5848931924611134,2.2485093067705986
Individual screens,Feng-TS-iPSC,1.4677992676220697,2.261998137296541
Individual screens,Feng-TS-iPSC,1.3593563908785256,2.293538669070017
Individual screens,Feng-TS-iPSC,1.2589254117941675,2.2840802973113337
Individual screens,Feng-TS-iPSC,1.1659144011798317,2.305053606414319
Individual screens,Feng-TS-iPSC,1.07977516232771,2.2964998264869987
Individual screens,Feng-TS-iPSC,1.0,2.2671086459949468
Individual screens,Nourreddine-iPSC,100.0,1.0
Individual screens,Nourreddine-iPSC,92.61187281287933,1.069638435297581
Individual screens,Nourreddine-iPSC,85.76958985908941,1.129127012321672
Individual screens,Nourreddine-iPSC,79.43282347242814,1.1965918343999622
Individual screens,Nourreddine-iPSC,73.56422544596414,1.2678387409503626
Individual screens,Nourreddine-iPSC,68.12920690579611,1.322287393710585
Individual screens,Nourreddine-iPSC,63.09573444801933,1.3961944825716368
Individual screens,Nourreddine-iPSC,58.43414133735176,1.466072729002675
Individual screens,Nourreddine-iPSC,54.116952654646376,1.519141987569047
Individual screens,Nourreddine-iPSC,50.11872336272722,1.599727807571045
Individual screens,Nourreddine-iPSC,46.4158883361278,1.645401488769738
Individual screens,Nourreddine-iPSC,42.98662347082277,1.7282461587453228
Individual screens,Nourreddine-iPSC,39.81071705534973,1.7995021849073527
Individual screens,Nourreddine-iPSC,36.86945064519576,1.8342301390520104
Individual screens,Nourreddine-iPSC,34.145488738336006,1.8854760853153905
Individual screens,Nourreddine-iPSC,31.622776601683796,1.9416331953911068
Individual screens,Nourreddine-iPSC,29.28644564625237,1.9826200522403048
Individual screens,Nourreddine-iPSC,27.12272579332028,2.03894869671517
Individual screens,Nourreddine-iPSC,25.118864315095795,2.109059595430605
Individual screens,Nourreddine-iPSC,23.263050671536263,2.167923756469301
Individual screens,Nourreddine-iPSC,21.544346900318843,2.2237999503598904
Individual screens,Nourreddine-iPSC,19.9526231496888,2.2801390206895813
Individual screens,Nourreddine-iPSC,18.478497974222908,2.3187679787929825
Individual screens,Nourreddine-iPSC,17.11328304161781,2.3747382403500548
Individual screens,Nourreddine-iPSC,15.848931924611133,2.411500421940928
Individual screens,Nourreddine-iPSC,14.67799267622069,2.466461526129001
Individual screens,Nourreddine-iPSC,13.593563908785256,2.4934406291328166
Individual screens,Nourreddine-iPSC,12.589254117941676,2.568612188648428
Individual screens,Nourreddine-iPSC,11.659144011798316,2.6338676389653277
Individual screens,Nourreddine-iPSC,10.797751623277094,2.6877067609595686
Individual screens,Nourreddine-iPSC,10.0,2.789757758786866
Individual screens,Nourreddine-iPSC,9.261187281287937,2.885934339055546
Individual screens,Nourreddine-iPSC,8.576958985908941,2.944014805382867
Individual screens,Nourreddine-iPSC,7.943282347242813,2.992932826464997
Individual screens,Nourreddine-iPSC,7.356422544596413,3.058020515058926
Individual screens,Nourreddine-iPSC,6.812920690579611,3.2158393160778385
Individual screens,Nourreddine-iPSC,6.309573444801933,3.3274575093623437
Individual screens,Nourreddine-iPSC,5.843414133735175,3.38510823702073
Individual screens,Nourreddine-iPSC,5.411695265464638,3.4402646540282484
Individual screens,Nourreddine-iPSC,5.011872336272722,3.444928141532267
Individual screens,Nourreddine-iPSC,4.641588833612779,3.5037121578935237
Individual screens,Nourreddine-iPSC,4.298662347082277,3.5722355379122663
Individual screens,Nourreddine-iPSC,3.981071705534973,3.633119675347362
Individual screens,Nourreddine-iPSC,3.686945064519575,3.7040811872544737
Individual screens,Nourreddine-iPSC,3.4145488738336023,3.7906511745072105
Individual screens,Nourreddine-iPSC,3.1622776601683795,3.827735810534912
Individual screens,Nourreddine-iPSC,2.928644564625237,3.8014584479911937
Individual screens,Nourreddine-iPSC,2.712272579332028,3.8522122323435455
Individual screens,Nourreddine-iPSC,2.51188643150958,3.911168648510421
Individual screens,Nourreddine-iPSC,2.3263050671536263,3.8889854870867526
Individual screens,Nourreddine-iPSC,2.154434690031884,3.869607843137255
Individual screens,Nourreddine-iPSC,1.99526231496888,3.843232716650438
Individual screens,Nourreddine-iPSC,1.8478497974222907,3.87437001875293
Individual screens,Nourreddine-iPSC,1.711328304161781,3.914934819573021
Individual screens,Nourreddine-iPSC,1.5848931924611134,3.962042330202804
Individual screens,Nourreddine-iPSC,1.4677992676220697,3.9443704197201854
Individual screens,Nourreddine-iPSC,1.3593563908785256,3.927832178966643
Individual screens,Nourreddine-iPSC,1.2589254117941675,3.908593817273745
Individual screens,Nourreddine-iPSC,1.1659144011798317,3.891969363419556
Individual screens,Nourreddine-iPSC,1.07977516232771,3.866109101868596
Individual screens,Nourreddine-iPSC,1.0,3.843232716650438
Median,Median of 11 screens,100.0,1.0
Median,Median of 11 screens,92.61187281287933,1.058248162996507
Median,Median of 11 screens,85.76958985908941,1.107538722493878
Median,Median of 11 screens,79.43282347242814,1.1509211874473968
Median,Median of 11 screens,73.56422544596414,1.1924766254179728
Median,Median of 11 screens,68.12920690579611,1.2301940287718038
Median,Median of 11 screens,63.09573444801933,1.2697498253934736
Median,Median of 11 screens,58.43414133735176,1.307629010500417
Median,Median of 11 screens,54.116952654646376,1.345136308319879
Median,Median of 11 screens,50.11872336272722,1.3896774937005685
Median,Median of 11 screens,46.4158883361278,1.4274820714482404
Median,Median of 11 screens,42.98662347082277,1.4578359329167994
Median,Median of 11 screens,39.81071705534973,1.485605119188737
Median,Median of 11 screens,36.86945064519576,1.504208309388675
Median,Median of 11 screens,34.145488738336006,1.5327836780598587
Median,Median of 11 screens,31.622776601683796,1.561137363832434
Median,Median of 11 screens,29.28644564625237,1.5869670906294129
Median,Median of 11 screens,27.12272579332028,1.609173846830848
Median,Median of 11 screens,25.118864315095795,1.6313013996231749
Median,Median of 11 screens,23.263050671536263,1.6541594516434917
Median,Median of 11 screens,21.544346900318843,1.6793537537587269
Median,Median of 11 screens,19.9526231496888,1.697222967578497
Median,Median of 11 screens,18.478497974222908,1.723444341810745
Median,Median of 11 screens,17.11328304161781,1.7428021912627392
Median,Median of 11 screens,15.848931924611133,1.7654133717293856
Median,Median of 11 screens,14.67799267622069,1.7788686794982536
Median,Median of 11 screens,13.593563908785256,1.8053935531065823
Median,Median of 11 screens,12.589254117941676,1.82465874185553
Median,Median of 11 screens,11.659144011798316,1.8390113292814505
Median,Median of 11 screens,10.797751623277094,1.8503583070085985
Median,Median of 11 screens,10.0,1.869849466233681
Median,Median of 11 screens,9.261187281287937,1.8900060841351087
Median,Median of 11 screens,8.576958985908941,1.9080469179723891
Median,Median of 11 screens,7.943282347242813,1.92913795047391
Median,Median of 11 screens,7.356422544596413,1.935604302421136
Median,Median of 11 screens,6.812920690579611,1.9549242010876489
Median,Median of 11 screens,6.309573444801933,1.9713189463173009
Median,Median of 11 screens,5.843414133735175,1.9861671247883093
Median,Median of 11 screens,5.411695265464638,1.9961822922289445
Median,Median of 11 screens,5.011872336272722,2.020849944129112
Median,Median of 11 screens,4.641588833612779,2.050324948479275
Median,Median of 11 screens,4.298662347082277,2.051378417565585
Median,Median of 11 screens,3.981071705534973,2.0845760941439995
Median,Median of 11 screens,3.686945064519575,2.104156853509185
Median,Median of 11 screens,3.4145488738336023,2.122305339815454
Median,Median of 11 screens,3.1622776601683795,2.150541428193497
Median,Median of 11 screens,2.928644564625237,2.1775198098035884
Median,Median of 11 screens,2.712272579332028,2.212441553711894
Median,Median of 11 screens,2.51188643150958,2.2503873828512027
Median,Median of 11 screens,2.3263050671536263,2.282900431229041
Median,Median of 11 screens,2.154434690031884,2.278776219841001
Median,Median of 11 screens,1.99526231496888,2.327045887313373
Median,Median of 11 screens,1.8478497974222907,2.328777916373509
Median,Median of 11 screens,1.711328304161781,2.3412217864729885
Median,Median of 11 screens,1.5848931924611134,2.348393111842261
Median,Median of 11 screens,1.4677992676220697,2.3170401818486743
Median,Median of 11 screens,1.3593563908785256,2.297763770045122
Median,Median of 11 screens,1.2589254117941675,2.2840802973113337
Median,Median of 11 screens,1.1659144011798317,2.305053606414319
Median,Median of 11 screens,1.07977516232771,2.2964998264869987
Median,Median of 11 screens,1.0,2.277421859983008
